user_id,song_id
408,2326
124,1025
469,3422
228,1605
8,2400
107,336
435,4805
19,4789
403,1531
454,2225
482,2513
358,4666
62,3937
462,2370
291,1379
243,3582
303,4843
181,1380
408,1503
212,2663
261,5365
104,1955
18,4485
65,5342
98,1360
215,2938
209,1055
425,858
409,2614
482,2984
243,3796
38,135
293,1855
36,2594
139,1476
298,5563
343,1622
448,1080
419,4148
119,1666
142,4969
291,2742
24,3792
495,3026
271,2247
297,3089
285,1837
92,2888
301,188
343,528
479,4375
9,5430
390,1885
232,1618
193,3109
113,4839
40,3656
372,491
391,5249
385,1331
300,4311
210,4113
49,898
302,1104
89,4077
72,1270
116,3982
461,925
2,5002
33,203
162,1931
252,4481
129,785
312,3385
162,3472
332,4975
498,3130
367,1413
497,1688
139,4597
50,403
181,3751
177,5366
227,3417
223,2948
299,4026
125,5018
282,1802
14,5071
130,654
313,1
233,1233
253,510
288,2839
356,4821
262,940
261,3742
41,4038
382,408
69,4120
358,3649
325,2541
187,749
97,2669
348,1660
494,650
472,1645
350,4981
485,4364
61,4365
126,2315
195,3457
446,4657
378,4902
342,1479
162,218
292,5119
175,4872
385,686
271,4695
339,4530
378,5319
20,3254
468,3319
153,4979
171,2223
260,603
40,508
31,526
393,2806
150,999
21,1064
123,3753
412,5276
228,4704
386,3837
489,4081
35,3262
221,1150
27,2890
143,5211
428,5537
374,2631
5,2786
58,2404
342,2543
58,1115
384,44
353,2307
466,2219
330,894
483,2383
311,2404
130,5050
210,3091
81,213
472,4902
351,4514
482,1336
231,3695
166,109
8,3763
93,513
202,4854
217,1846
436,4664
465,796
305,4265
93,4924
265,1834
379,3392
70,1608
15,993
393,939
367,1194
185,2079
260,3070
137,724
206,1292
405,5428
73,4374
245,3623
91,4556
229,1142
241,1564
382,4308
128,1350
79,516
331,321
37,3543
460,3754
477,995
445,5022
132,4628
189,72
156,4739
328,697
423,174
379,3331
252,4314
67,1779
416,795
173,1990
476,3373
67,3176
284,5354
392,2540
156,2541
389,1162
460,1141
438,2366
479,2391
203,2363
161,2511
51,1501
83,4147
9,1102
330,681
15,5359
392,9
257,3688
274,164
92,3383
5,2046
415,4608
377,2731
390,2083
213,4103
307,2305
189,2486
497,1000
293,5012
124,3757
4,1298
273,5278
444,2203
485,2085
259,2023
292,5214
14,5113
399,2831
307,265
364,2486
47,1227
492,1612
287,4618
487,4788
411,5547
102,1944
264,4055
410,207
340,1667
153,3928
246,3689
131,3683
81,2015
293,4230
397,4374
365,4133
10,4506
293,1176
104,1022
17,656
491,5032
80,403
241,265
187,2441
81,2625
74,1837
261,2142
454,731
434,1930
293,5033
493,971
198,962
413,4269
492,61
201,5041
33,998
439,2340
437,4904
159,3278
35,2789
485,2809
34,2926
12,5188
233,5553
137,4714
203,2702
237,1931
111,5347
79,3984
307,234
162,5509
70,2775
464,2779
34,1157
418,699
187,4432
329,3495
148,4516
299,4217
425,364
500,80
42,2995
361,3549
105,3465
108,864
444,425
473,2848
21,2865
105,4909
240,484
358,1686
107,245
160,229
137,1163
220,828
345,857
473,4547
298,3871
126,1264
325,5443
296,2808
173,1936
469,4884
192,4313
46,71
441,4765
106,2286
97,406
479,5115
144,1470
179,2260
495,2709
492,1684
105,3176
191,239
16,185
491,3892
250,3490
146,3446
34,2097
230,4700
248,1279
113,4509
480,308
445,2215
24,1901
19,5107
363,5216
159,1781
462,2176
379,1820
452,1405
15,3630
429,1991
382,3104
384,3132
235,3303
278,3836
431,1790
44,1593
241,4991
391,4355
300,4021
478,5306
467,2042
354,4439
372,1799
204,4750
328,469
477,3278
95,265
5,3572
205,3927
183,598
222,2684
401,4312
174,2817
484,4839
46,1596
474,874
279,811
448,3492
185,2964
178,774
394,1698
242,76
211,4323
84,5005
387,3048
339,1566
169,1615
60,4705
131,2940
198,4504
349,231
192,4769
86,5559
38,431
71,3574
469,5494
120,3605
155,2329
216,1607
28,5479
73,1597
404,4509
210,4542
128,312
47,575
300,2036
81,3630
340,1401
385,4001
120,4394
450,3984
267,5580
47,1460
358,5302
429,734
45,3059
47,1990
245,1454
346,2267
271,2992
70,5559
138,441
198,1525
113,3331
21,3497
181,3703
133,5154
25,3142
289,1345
300,4293
442,2532
198,5531
261,1617
121,3448
273,3006
120,3009
404,2581
222,2836
151,5563
377,3112
480,4277
54,2095
62,3838
271,7
265,4612
126,441
398,3186
180,1723
251,5570
285,1696
64,291
212,1925
350,4176
399,3770
135,5071
285,2896
359,2452
12,5169
275,5143
179,4231
157,1870
259,3555
149,2500
115,2038
220,3782
444,4451
438,404
329,50
499,514
424,1114
273,4
439,1068
397,4309
340,2630
265,5559
264,1161
17,1062
339,1051
85,2090
431,2303
236,2913
225,1569
387,711
154,3428
323,508
362,4960
319,1205
189,5587
105,5314
467,2272
246,5427
500,3348
132,1480
391,1673
414,2681
182,2998
373,4408
22,2140
368,2865
424,1148
477,2143
468,317
128,3479
362,849
80,1398
186,2947
333,2930
386,3952
61,3503
290,4393
271,4032
348,3423
371,3334
105,538
484,7
335,4038
156,2297
294,1508
204,3497
83,329
256,3450
84,4749
412,4869
246,661
191,2706
441,3129
291,27
113,4500
391,4852
94,4202
75,3047
321,2857
242,2276
408,1273
17,1712
27,837
36,2889
234,3949
414,342
429,2217
323,4574
98,1445
294,1043
192,4977
415,1362
74,5262
294,4482
45,4956
90,1325
270,4852
115,5491
286,1839
254,4817
312,2384
305,483
80,2670
454,1041
165,2817
378,4317
389,3834
116,1478
211,1292
418,1890
485,2690
356,3784
220,139
140,2161
305,4864
290,705
33,5197
470,4820
451,3052
491,3602
463,189
206,2945
324,5234
234,2783
106,3092
379,3157
61,468
218,602
51,5335
490,1891
219,1432
401,1643
474,2496
337,2209
209,537
306,1375
213,2758
414,1552
60,762
107,5208
136,3978
151,2807
64,2034
25,3725
412,1549
145,3644
302,630
449,3257
180,979
291,1975
268,3
243,2467
140,5519
165,311
349,4277
433,2361
205,2372
472,2732
251,2508
285,3723
149,2124
241,4251
466,3669
59,509
362,4694
199,3746
240,3975
317,2824
145,4375
398,3448
142,2322
262,2326
483,3247
358,682
4,1577
328,3326
391,1968
126,1017
112,399
32,1079
124,3239
302,2103
280,4987
377,1629
442,5272
173,5113
142,3810
389,3904
53,1180
136,1378
439,2042
496,3407
139,4930
175,2187
70,1170
442,1470
496,3603
101,4442
232,3638
472,4650
315,605
480,5355
332,302
176,3485
184,2651
131,2562
63,717
416,3246
352,2144
354,3387
387,4654
396,625
336,5443
16,4299
263,358
125,5054
206,4779
85,4091
93,1351
190,3032
421,332
120,4307
460,3135
79,945
412,3306
284,2290
107,1753
318,1269
261,3111
450,3165
216,4595
225,1678
212,3297
227,5166
381,1557
310,2253
22,1320
228,3067
92,3899
262,3504
416,17
287,3483
355,5116
154,5206
5,294
487,343
439,3065
8,2134
6,1433
300,2164
231,3305
161,3726
70,917
219,3179
218,3819
23,5093
438,2494
380,4350
248,1036
456,3505
419,2735
480,5527
286,1039
322,407
302,4850
471,337
128,4209
456,2335
55,2075
446,3788
167,3092
360,1115
22,2073
346,1985
164,699
90,1794
230,1654
180,593
301,3146
319,3304
193,4885
291,1005
366,778
116,3886
493,806
195,700
268,5225
439,3388
230,1944
273,1181
263,3179
490,5434
331,723
458,326
301,1784
106,4492
429,3974
287,4642
365,4443
103,5122
480,1167
160,2754
366,1990
17,4891
96,4483
28,38
172,2896
378,5460
457,2781
459,4456
385,4785
200,4427
418,4030
247,3795
14,4342
392,5535
46,4450
23,4785
226,614
247,1051
10,2913
47,78
389,4261
271,2046
308,2507
156,4290
308,402
260,1769
360,3093
54,3068
226,5241
480,4390
350,4408
189,4465
248,821
301,498
129,3714
45,2493
54,3177
65,977
310,138
465,3616
168,1962
6,4468
12,5507
80,4269
465,3807
218,184
309,1879
444,4679
498,4146
31,301
123,5354
112,2507
370,2362
43,322
337,5145
123,1816
450,1072
393,5283
295,414
448,5220
155,4142
132,377
356,4697
280,65
277,2746
411,5522
418,308
114,501
24,2698
146,3703
430,2932
447,3894
5,2439
209,4965
161,1110
197,5116
389,3795
487,2601
126,3200
250,4817
59,3256
36,5078
274,4180
338,1184
379,1526
211,2797
426,3913
356,2437
209,4206
466,2971
66,1548
10,2012
108,350
487,3068
409,641
138,793
468,2993
390,2581
258,4954
468,4869
438,3352
43,1486
181,2365
164,3822
446,541
462,2423
342,323
461,1299
57,1133
72,3474
20,3757
443,2928
97,1180
403,629
24,1116
173,1173
214,3186
101,510
262,1933
94,431
166,4012
180,5155
159,2442
183,121
48,3865
74,3395
154,4170
336,5331
236,3141
186,2105
125,5385
318,4018
85,5406
266,1211
218,4034
266,2894
287,55
236,1896
45,5500
436,425
221,4030
175,1129
321,3657
268,939
260,1215
266,3940
283,5416
306,5570
147,5479
57,295
349,576
129,2132
217,558
325,244
254,5131
449,86
496,5012
88,3608
281,3412
291,3775
342,3114
185,1464
68,1843
65,5221
45,102
420,5065
116,537
476,248
419,3293
228,2349
476,1064
264,3899
289,3384
36,1942
159,191
5,2746
388,1555
292,3378
215,2900
102,1761
81,5101
416,3967
307,4830
71,5316
49,4833
498,4106
47,4479
266,309
202,973
100,5336
52,3290
472,1089
372,4095
463,4352
333,378
200,5011
380,698
176,436
66,4795
175,4935
79,2628
68,3312
218,3305
23,1497
222,3849
195,135
461,5430
181,2617
216,201
211,5046
414,4358
416,5107
281,4091
167,1868
469,2986
365,5175
296,2786
19,1104
484,2290
308,3910
412,2242
464,4432
459,639
84,1913
233,3891
425,3667
82,2851
348,2133
191,4674
365,3390
70,5411
460,5472
359,4736
246,5388
255,4107
237,3422
307,4594
484,2710
311,192
451,5060
191,3544
175,2094
470,1654
199,1437
407,2270
72,5073
390,4337
370,582
198,2397
208,2011
460,3062
478,1660
166,1224
93,5012
49,553
32,5141
35,3559
431,3037
246,747
201,4430
213,1294
347,2930
26,463
50,2073
263,1125
215,1074
175,4802
154,1267
321,5238
66,4246
145,4071
165,1808
120,608
183,336
31,5170
454,4686
106,49
176,4118
173,1314
151,2543
283,4568
413,3635
4,311
239,1657
365,4388
493,3642
331,5205
339,4494
465,1879
189,4567
200,1297
182,2595
190,4136
265,3082
69,3113
42,5516
177,3369
176,2980
254,85
144,5511
419,496
122,2357
427,354
75,4794
474,3338
172,1136
269,2347
77,2275
138,2634
313,1577
249,4287
234,1501
174,3054
316,3862
194,3339
185,3416
269,3750
492,4905
338,2442
380,3395
6,107
23,50
340,269
170,4849
216,2908
300,5560
311,5405
91,2289
209,4929
5,520
321,3494
29,420
236,3211
434,3751
306,1441
439,4720
79,3412
171,552
6,1893
16,953
121,4587
252,4932
137,519
340,1808
462,4574
51,4972
49,2455
66,3023
299,2620
380,3358
128,5547
142,3176
30,379
457,5567
10,3142
207,4250
428,4804
125,2435
46,4570
146,2661
151,3283
474,4806
391,2124
114,3021
457,388
112,3434
72,1094
248,269
11,716
150,4111
414,4729
310,4455
320,4698
24,915
226,5132
297,4766
9,5219
301,1806
55,2070
96,4315
465,614
440,4894
171,779
231,1145
430,4338
305,2399
300,1448
407,2628
227,4957
78,3994
213,1612
180,671
1,1234
85,4126
411,2898
254,1119
325,226
356,4393
279,5444
285,2610
439,4536
56,3069
442,2823
346,73
190,987
488,4318
24,3261
157,1889
440,1050
69,145
229,1765
323,2614
107,580
205,101
283,3949
279,133
499,3391
89,1265
190,1569
194,161
352,4241
108,2757
40,4164
75,2512
497,2574
302,4807
129,2907
192,341
377,2089
194,2986
464,2320
260,2398
26,406
143,1238
96,5388
274,1082
326,5080
165,2760
93,1809
219,3827
47,5243
164,3128
497,1997
322,1011
368,2546
44,1256
94,1145
123,2160
422,21
121,4637
285,1816
432,1897
437,385
211,4030
100,4913
266,4365
354,2248
367,5525
281,4005
263,3944
392,1846
281,1862
394,3314
106,4995
426,202
429,2202
356,2597
26,3297
254,3275
463,4699
376,4487
307,2782
421,4956
148,3067
379,2375
249,1633
89,4894
51,2828
50,2611
214,4072
465,841
13,365
110,3882
54,2427
417,4285
477,3230
185,1109
351,2293
464,5420
57,4390
104,5374
210,1575
125,1680
336,2033
6,1649
117,2397
357,3485
246,1178
7,295
70,2578
136,2969
191,1464
13,4951
141,4124
436,3979
3,4440
12,3000
134,4698
474,2360
236,3820
496,1936
180,2025
456,1750
47,3732
342,4070
79,4316
9,247
118,238
456,903
115,594
289,1301
299,5044
100,3260
162,5139
88,3743
239,327
111,3478
498,3491
411,5138
433,3559
41,1307
196,4031
400,4387
212,4227
259,403
282,2978
285,5367
323,4846
477,1836
255,1890
440,4511
444,3443
358,4169
402,1660
228,3977
306,2803
409,2548
482,4822
316,5315
481,2225
104,4457
51,3563
56,2606
405,2143
373,516
391,4216
374,5441
109,2690
85,903
225,2299
376,4007
405,1557
358,496
123,3534
61,138
103,5015
464,4461
124,3626
359,2911
356,3573
226,2301
162,2011
193,977
115,3217
297,5439
64,4519
485,327
475,5549
414,3229
98,3233
239,1017
411,4470
224,961
268,1692
358,1210
180,2040
146,259
438,5459
361,718
285,170
371,2490
19,3817
182,4316
361,1366
15,2735
417,29
158,3593
301,4649
27,2331
242,4475
331,4249
387,353
413,777
294,1057
201,247
39,668
185,5389
330,4614
113,1035
367,5339
263,4043
133,2480
347,3663
472,631
242,2032
175,4037
367,5222
124,3060
258,4335
209,271
141,3995
144,4498
9,5343
209,3341
79,2520
23,4272
122,4807
349,1689
375,3638
196,490
311,3785
440,505
370,2570
240,346
389,3113
315,3783
495,2531
402,4512
129,5224
352,972
183,2383
269,2737
425,2045
244,4502
167,4359
144,4278
31,3028
288,1292
397,2872
180,4118
118,1326
317,5454
7,2995
109,4218
303,2529
296,3327
198,3008
217,3117
422,2038
470,4192
19,1653
386,915
420,1317
402,5584
132,5533
279,2401
109,1400
58,1641
28,2074
51,2118
46,2721
418,4030
336,4131
60,4474
183,1204
456,4500
324,4233
390,4743
28,1671
270,282
126,4541
429,4915
451,791
89,2985
391,4748
295,2267
189,497
388,5347
211,2014
220,4948
49,1238
356,4591
383,270
233,3354
308,5409
296,190
162,1478
68,5015
368,3905
82,3452
376,570
7,4558
221,2043
353,4486
337,623
162,3418
373,3240
344,4519
485,5308
145,2927
106,3813
280,1868
392,5260
144,4658
499,4814
128,2936
117,1181
378,3629
142,1718
497,4518
373,930
313,3282
132,3007
284,1728
43,5199
326,4238
87,1986
477,3716
33,2104
492,537
234,2024
176,554
324,2285
324,2885
339,1099
209,3975
487,4207
274,3705
272,2666
159,4824
369,5088
72,4533
433,3494
443,2090
29,2355
26,1522
463,5225
376,1229
109,330
64,4909
310,5380
304,1747
297,876
115,1510
317,498
384,88
237,1865
65,5199
13,3243
250,2761
55,1021
149,1292
154,3458
212,5499
434,4814
355,1234
404,2349
271,3735
271,5101
280,847
201,2508
47,2890
295,2080
205,4133
465,4241
406,1341
411,4171
404,4479
273,2890
327,1316
450,2632
429,3897
86,5564
326,5059
422,3854
198,3108
174,3949
394,3094
94,3167
269,3878
475,3981
362,83
78,2021
39,5139
330,4616
162,2515
275,2442
462,1633
323,5236
305,2692
428,4597
490,5220
166,1215
168,244
468,1359
87,2142
283,2170
293,1992
388,4861
499,2195
237,263
418,1082
311,1170
114,1982
400,4837
232,4497
132,3497
325,4069
20,2770
456,4744
329,4598
313,194
151,5423
224,3820
311,1545
211,4253
168,1454
208,1578
293,1328
266,667
242,1156
403,1150
47,2006
85,3831
407,5162
260,4976
275,2405
450,191
337,3455
460,5236
117,1531
361,1548
192,3411
408,2655
3,4498
414,3985
219,2982
206,4280
404,553
487,5154
226,3658
430,386
128,2361
308,2464
73,1238
69,1532
348,4445
387,709
16,2268
454,11
172,589
387,1415
181,3866
7,2738
365,240
29,1892
361,4145
397,3203
269,1800
413,2693
474,5073
431,1849
199,1854
333,5403
185,1657
238,1095
346,4384
436,3508
227,3560
496,2066
78,2723
319,532
179,1401
75,2372
224,288
254,1922
204,2729
136,3009
7,1719
109,4131
312,168
243,2107
38,230
447,5454
340,955
383,3163
147,3150
469,4748
123,919
428,2695
313,1840
373,2828
324,2837
141,40
295,1371
246,4738
349,440
342,4809
167,2303
239,4332
313,1739
348,2581
235,348
383,1185
80,1215
386,2507
239,3142
372,1985
86,2933
490,4868
237,5034
213,3870
234,913
370,1805
294,4406
325,1760
485,5408
133,1865
221,4358
316,2184
331,1167
155,1310
422,499
16,4448
308,3353
296,4578
146,1718
38,1992
213,2322
197,1145
110,2020
42,4353
247,5155
202,3863
88,3714
208,4500
45,1136
71,3432
33,3911
400,534
341,3690
377,943
117,1575
119,487
265,346
486,2499
267,3288
321,3772
217,1660
115,4836
163,3748
498,5042
57,1454
150,1688
365,1160
76,3367
487,405
117,1889
84,3848
335,2426
265,2768
21,1970
69,1617
436,3767
82,4645
451,2535
55,4393
184,919
119,1235
397,5223
213,3638
54,1894
247,120
374,516
262,4322
229,1514
445,4257
467,4214
298,5277
477,3843
354,2259
74,1834
412,1181
154,1450
131,4109
356,4183
62,1788
296,4253
234,2036
365,1194
89,3015
312,1109
24,689
310,5073
28,5504
6,1574
491,3055
84,5079
362,4938
308,5057
415,1240
145,5035
334,2360
250,2753
396,2835
100,4620
191,1377
66,3573
211,4152
307,727
162,1682
131,75
407,1249
447,3150
189,3350
262,4763
294,2301
206,193
136,1237
396,748
360,1708
119,4933
1,2861
59,4423
389,3216
227,4250
150,2746
172,2835
280,2853
333,4393
44,447
337,1049
493,4121
139,2156
307,1893
279,2745
419,4405
423,3330
487,5521
352,1040
423,4405
291,1871
289,5528
431,4540
304,2286
468,4900
236,1448
264,4770
166,2908
20,767
418,586
222,3597
326,1482
368,3563
143,1966
180,2449
262,4669
103,2197
403,441
224,5513
282,574
317,312
6,3001
323,4008
437,23
209,3439
35,4038
129,3917
12,1254
147,1124
401,5049
221,2055
272,2086
397,2797
33,1520
158,4347
407,4843
86,5186
264,4060
421,1274
290,1319
225,1449
244,4462
42,1137
30,3172
444,1194
375,347
459,1074
179,2099
183,1334
420,2884
283,2200
132,4999
409,4324
69,1219
361,4110
242,5096
265,2637
74,3184
276,5440
484,3970
216,5155
464,1859
391,179
429,1429
373,471
179,433
173,1285
347,673
350,4575
46,3577
439,1764
263,4580
233,4563
96,335
110,1303
94,1841
394,798
260,706
490,3845
123,4460
42,1803
467,3941
322,5267
475,3638
151,5580
242,1546
478,4592
412,1551
217,2867
171,1017
172,5491
201,5442
82,2193
179,2478
166,3448
159,4005
172,142
249,5327
294,3149
253,3802
427,733
290,5289
141,4670
120,220
198,5390
89,3251
477,898
35,4292
407,1613
498,831
341,5128
280,5356
376,444
197,5231
241,4986
383,1631
182,4476
31,3627
442,5524
428,5281
108,714
267,115
485,4890
84,3662
400,1881
354,2804
468,670
345,2478
334,2556
204,2965
389,1535
27,4130
327,2445
195,4091
117,1004
256,1026
134,5088
431,2758
253,3111
277,5364
19,2402
170,2353
105,3784
15,90
419,3425
209,796
193,3491
399,2745
395,2737
122,1794
153,1833
219,852
482,264
320,2973
292,4768
194,4804
29,813
402,4371
302,854
478,958
136,4146
24,3602
4,4097
367,4891
495,4471
191,1898
235,3815
453,5038
477,4473
191,4971
198,2084
135,3190
321,3727
83,1675
155,5460
456,2845
357,4806
183,2604
94,2992
470,1236
258,147
407,3763
246,2799
234,4237
181,4781
14,4335
226,2651
17,1561
188,4883
389,4070
474,381
212,2521
40,1484
90,5453
380,2267
225,5036
460,4442
306,1280
210,728
80,1137
41,43
314,4171
109,996
346,337
411,2061
344,5389
33,1878
343,2868
97,1933
66,4613
242,3456
121,2591
416,3327
247,3195
145,76
453,4125
373,5405
363,5406
247,3050
248,1969
8,3534
414,3631
411,5479
433,857
270,2751
273,3774
181,2038
164,98
380,3713
159,597
259,3075
2,3500
234,4639
355,121
61,3723
192,196
371,1806
404,4174
222,2441
13,732
11,4705
123,3732
468,5360
221,4746
473,1320
466,986
317,2797
48,2332
344,325
224,3222
437,2941
308,2184
169,4572
145,4989
373,5423
221,3404
174,4674
409,5405
159,2578
150,4547
273,4162
211,975
302,2254
89,486
459,1896
253,5148
419,3492
218,1945
373,5132
28,43
352,2573
468,3448
343,2866
419,5370
452,4444
233,208
425,1752
370,112
183,4823
64,72
60,1780
31,3645
321,325
171,3455
331,2893
281,3963
71,1750
253,276
116,2067
231,2009
136,4764
389,4160
14,5298
452,946
452,4428
474,3016
215,2918
320,3872
442,5161
287,1375
194,1139
487,3148
282,3666
261,49
395,5246
286,3465
456,1009
208,2225
209,4967
346,2863
22,2968
221,3287
394,4632
43,4956
335,3898
158,11
3,5330
153,4431
162,2690
118,1468
270,4860
482,1246
158,4134
38,1564
371,3649
382,3482
353,587
8,2174
469,4257
292,844
239,3228
495,2412
493,1119
94,1539
404,1119
405,2358
460,5115
206,728
473,645
491,103
41,4532
99,4326
422,3123
113,3614
401,4014
293,4988
93,5526
196,5344
225,2853
429,3825
486,4930
304,4014
16,2341
327,5112
135,2632
371,5016
442,3083
336,2945
120,3618
483,2674
180,2586
88,3544
309,4655
455,3743
417,436
394,5168
169,2397
277,1361
87,1522
215,2728
327,5376
258,5224
316,1358
338,866
300,3022
216,2263
131,367
412,2496
373,3400
139,4794
290,5347
414,1289
76,3478
385,3685
115,2391
192,4106
302,4583
415,3126
61,5540
371,187
472,777
352,3734
237,1220
206,534
391,1072
261,4786
165,1237
307,4504
105,607
149,4415
266,1050
146,2093
420,1523
71,687
4,3340
165,1122
145,5317
50,361
495,5022
61,1698
139,4828
37,1881
434,4016
270,660
362,1835
24,1483
187,4209
104,2426
492,1299
187,1714
261,2551
427,1444
27,1942
38,4135
263,2759
199,808
198,412
54,272
270,3792
212,5029
406,4474
136,5520
76,4042
201,1602
200,5279
315,3388
6,4540
205,4395
245,2272
197,3549
309,4280
403,3190
27,1381
194,1072
83,5347
266,1273
114,4495
130,2118
488,2806
185,3343
173,5259
370,2443
301,1569
498,4028
493,3365
177,1997
144,1645
335,4553
404,759
454,604
402,2904
301,3661
441,5224
48,4383
396,5441
116,851
88,2598
500,1016
375,2772
96,3837
232,2618
93,1665
413,3859
252,5334
331,1600
435,1622
388,51
68,2870
128,5452
383,4204
384,1912
146,3958
257,1977
7,4857
259,3246
172,1301
291,487
395,1577
357,3619
341,5215
102,1507
6,4910
74,3543
158,3167
260,5386
152,6
296,5170
132,4818
167,2007
74,4685
443,3463
92,4010
329,925
461,3462
394,875
410,1184
170,850
326,4779
200,259
96,2302
470,4771
497,3188
431,3709
246,4164
166,3876
37,1481
210,5044
225,2081
316,1918
267,1305
402,1615
340,149
281,3603
177,1759
444,431
136,5397
270,5397
13,3988
492,3042
184,3474
379,5150
139,3396
152,2775
489,4190
187,1173
201,90
180,3969
70,179
329,888
34,4571
129,2169
389,2921
196,4359
492,4975
470,3473
377,4498
148,5450
479,4079
185,3908
40,1911
333,2807
304,192
200,1132
393,346
448,1692
312,1441
147,4954
24,434
341,3298
385,2923
124,1450
449,747
444,5245
448,3477
488,3000
151,3915
454,2454
293,3061
27,1195
313,1357
53,4326
272,4496
355,4156
273,4306
418,2746
246,907
214,5529
405,1062
499,3298
470,5040
290,1320
388,5450
243,1652
458,640
335,1284
186,4220
491,2938
282,87
37,2451
269,2189
183,3116
11,4903
435,5172
270,3168
163,1757
450,3697
223,2036
328,1443
269,1202
292,5322
477,1575
335,2733
203,1644
232,4760
1,4061
313,4434
481,3978
184,3219
365,2535
65,5075
338,4167
456,5046
21,4069
236,324
197,1526
99,2236
163,1474
144,433
200,3007
319,1924
10,1020
476,1373
49,801
272,5286
179,3673
145,4758
238,2981
484,5028
377,1217
247,3770
244,2422
463,1145
363,4825
127,567
245,331
100,1121
152,5492
240,3375
46,3390
28,1185
217,381
181,3155
500,5307
120,664
142,1411
119,3058
437,317
498,4608
20,2642
259,2801
27,4071
19,1338
293,3257
157,5531
207,4901
253,527
413,5505
187,1454
152,3629
147,3820
359,5002
388,4370
474,878
497,3573
362,140
4,4318
430,4639
381,262
383,4424
160,696
207,653
358,1668
293,1301
378,5169
495,5525
377,4809
49,3388
121,26
18,1713
324,5145
361,4174
336,20
125,421
327,952
203,4331
26,5450
72,301
462,5130
248,1518
138,5577
165,5480
460,1956
167,1142
92,869
457,173
278,2695
447,2183
247,4802
3,1979
51,1890
339,2336
277,4595
386,702
13,2248
141,3315
418,4372
88,2509
367,2958
111,1498
293,5413
479,5460
418,3773
314,4278
464,1631
141,5363
454,572
448,5242
370,4767
180,2339
16,5564
450,1935
177,1661
412,3049
260,4198
114,4555
223,3677
170,3858
129,1324
398,4720
42,3573
142,3611
48,2122
236,1133
496,3134
454,983
99,936
155,1069
83,2703
198,2743
235,476
452,5317
45,3256
200,3914
273,2449
438,4907
150,383
95,734
493,3834
18,10
54,3525
379,1644
221,5369
250,5350
252,2501
335,919
253,1818
477,575
478,2255
23,5329
390,5444
143,4496
296,3185
194,1235
323,4240
183,2306
230,82
493,5198
260,3818
448,3802
11,4371
324,4109
441,4301
258,1882
400,2158
477,5354
391,1956
376,3487
175,3673
345,2453
29,282
383,925
416,972
97,479
263,4405
208,4423
454,3766
381,3598
170,2203
196,4064
278,3471
358,4363
21,1903
95,2725
483,75
129,5324
475,4377
152,4610
482,5537
36,4562
340,858
120,4626
395,1948
144,5250
88,3486
7,1142
403,3225
266,168
191,1098
205,4750
432,2
432,3131
423,2534
84,3354
148,1385
49,829
496,1559
58,2309
30,897
3,3396
87,4966
251,4089
451,5550
78,822
222,1553
13,2618
18,147
60,177
410,3321
419,2563
127,2410
382,1037
86,4683
413,3608
209,3164
184,826
494,3193
156,209
443,3463
125,3128
306,1046
174,1803
316,4117
301,5498
352,710
214,1135
262,185
354,836
1,4574
238,127
158,3383
68,3612
471,4638
435,5307
484,1026
238,3470
288,4912
431,4328
363,1121
256,2405
275,1733
485,2867
395,3745
349,1783
334,5432
262,4639
396,2855
424,1864
400,3002
202,352
231,3690
9,938
466,2990
211,5161
472,4236
320,3737
382,3553
474,5243
458,4120
242,2704
139,2418
452,784
348,1452
126,486
101,4874
425,2350
396,3885
30,2326
303,809
34,2819
231,4058
18,2835
396,4038
296,1595
295,2391
486,2918
131,1460
177,700
343,299
316,866
215,5051
200,2676
328,3337
412,4519
27,1024
317,4106
497,5278
174,2224
125,5127
307,4499
143,2121
450,3192
369,3199
60,1924
81,3406
82,5232
92,1385
383,466
447,4928
148,1674
94,124
128,1255
9,1632
18,3956
52,3501
385,3007
432,1512
228,2410
62,3014
181,5199
144,4984
439,226
224,4690
295,3603
79,4138
130,1524
336,1633
389,4286
164,486
174,1658
197,5162
416,2174
32,2145
261,5355
7,3965
478,1611
426,2946
363,4648
102,1233
400,4854
2,619
477,2346
296,2436
144,271
225,3755
114,1325
230,4196
369,4643
165,4810
493,2584
121,4409
280,4421
21,4882
272,4087
234,4825
283,150
414,2492
88,2450
236,2014
128,2448
291,3448
381,5399
193,930
100,209
193,2639
155,229
453,895
268,564
37,3627
25,1796
299,2335
326,5137
160,1594
58,4888
419,3447
475,840
206,2451
259,587
360,385
225,4456
123,650
185,3362
498,4130
95,2514
385,3958
325,3772
121,4964
422,1512
273,775
274,2677
362,4816
161,816
338,3264
55,2377
181,69
208,3313
76,1171
87,4687
62,1629
138,4579
150,1713
484,5280
438,729
253,5341
269,3283
257,897
133,1376
419,4722
442,3309
288,1392
53,513
62,269
24,4046
45,4139
405,2649
238,2885
433,4969
358,622
208,5046
291,3025
480,2836
249,5486
72,512
259,5073
377,3141
473,1381
36,4950
494,3800
294,1750
408,151
144,418
23,4624
272,3722
334,4943
275,5563
41,4016
390,4791
412,889
127,858
463,2955
460,2127
441,4583
209,689
264,1855
191,4876
93,2342
112,3790
452,4137
102,279
280,2580
489,3202
203,2627
103,2411
343,901
112,2194
425,1894
471,3365
69,3163
288,1232
378,5236
25,51
406,4769
302,598
67,2128
106,1033
242,2435
214,2012
290,145
343,3133
287,1671
237,2489
256,5067
210,235
41,1577
359,4238
50,2567
442,3600
270,2276
134,242
283,512
226,1965
334,222
412,1708
459,3008
468,824
350,1917
339,599
82,3798
219,936
133,711
141,4449
24,4946
133,930
422,528
202,776
478,2831
362,4008
181,2632
174,758
76,3078
420,5552
216,1026
458,1584
268,3916
246,445
172,2762
253,4612
276,1972
427,4662
298,2633
173,1926
74,1765
141,2701
154,2880
460,4969
136,4021
376,93
328,2695
477,2449
121,3811
26,4135
170,4519
239,693
10,5083
147,1780
132,46
50,2914
232,125
94,1762
127,1659
225,2857
194,3534
293,3192
272,690
485,2843
343,593
453,5217
107,3892
292,4398
467,881
190,5217
300,2190
146,1748
78,5380
216,3088
64,5202
217,2834
243,1946
288,4630
236,18
8,5169
105,730
294,5261
488,4913
416,2994
328,2341
204,3715
282,5131
347,3015
142,3744
259,208
108,1243
247,2698
58,5130
390,2350
498,607
440,406
24,4613
173,2961
171,5472
477,5503
443,15
330,1493
164,548
52,1675
231,90
166,3197
199,4099
77,1455
204,3698
53,818
92,3480
171,2023
246,1731
351,1137
310,339
354,53
419,910
330,3907
155,2197
384,5052
342,5573
364,2355
194,3858
496,2880
147,1881
122,762
393,732
431,2455
196,2060
134,4301
25,3354
271,2489
173,5364
432,2376
213,1603
261,867
56,3690
47,1213
33,482
305,4287
60,1387
161,1917
405,2321
414,471
111,4314
38,2742
237,3554
135,43
22,1765
290,604
483,84
286,1290
465,1455
87,5005
345,5392
370,5544
229,4007
445,5345
38,1969
98,4351
112,233
187,1277
363,3551
92,5117
233,198
452,3709
189,4368
90,357
351,1045
66,28
341,2428
401,4767
242,1949
357,113
484,4704
51,1660
319,2784
58,1059
461,2866
397,4465
58,867
358,4908
184,4747
114,2983
366,2648
243,920
443,3534
101,1834
441,1576
227,4939
441,367
185,1631
332,5267
466,4527
225,2852
352,2526
406,4158
139,3258
118,2665
451,366
343,1378
443,2261
94,1052
76,1083
109,3025
351,4509
298,4404
106,5177
167,3837
44,4320
268,3868
457,3893
7,355
163,716
218,4660
456,1157
423,4333
24,323
399,2643
346,4375
313,587
181,2472
495,3923
355,2307
171,1419
336,3517
459,3002
234,4706
352,4151
486,1622
13,2704
333,4084
119,1346
246,2159
396,4746
494,325
10,1759
222,3924
407,4520
439,2019
212,1341
299,966
341,4753
203,638
76,4116
485,3010
39,2722
192,579
145,2196
123,3873
205,3256
171,207
260,4991
406,978
484,954
280,4953
58,2892
364,1947
89,5448
465,5107
135,3063
423,808
489,1874
460,3806
56,1351
101,317
221,5582
52,94
153,1692
464,4397
112,2556
120,1735
358,1473
325,4373
415,1675
334,3261
312,3682
194,3937
337,4381
476,1957
355,2321
172,4462
70,4264
498,1750
209,404
385,237
377,434
232,166
386,781
102,4420
47,4499
119,4075
19,248
128,3324
186,1136
199,1302
303,1505
407,1489
159,5340
454,3921
106,5282
241,3825
237,3492
370,4185
425,1948
298,211
250,5297
3,1956
463,2166
235,4036
119,2101
107,3768
118,2471
74,1543
252,5328
409,4619
390,3617
229,3391
416,4892
206,705
140,3689
80,805
90,4070
422,5509
53,1473
257,4063
13,3310
167,2298
338,3680
306,3464
5,4696
341,4783
179,5301
391,1311
470,4751
340,647
126,837
52,5567
247,5497
201,3905
488,2182
219,1799
375,577
408,2617
236,2622
490,2480
173,4135
49,1418
43,4475
427,156
396,1904
311,1742
50,5399
140,3572
495,3533
454,1609
467,5304
258,1543
66,2638
458,2976
142,4659
87,2064
395,2099
238,442
306,5219
388,1052
320,1847
170,4435
294,1651
164,4947
410,4295
59,908
177,1877
376,1526
375,4784
249,92
268,897
301,24
194,1696
78,2692
237,2665
129,2223
19,3877
304,4637
493,3274
352,1618
46,2507
148,2163
1,475
392,1445
93,4042
121,3932
231,3102
165,343
158,5064
455,933
77,3538
221,519
162,891
359,1741
435,5046
250,1744
85,1356
233,3410
289,1803
386,5051
200,5006
188,4956
113,3647
374,1594
407,2706
27,4524
62,4810
156,3711
352,219
208,4911
417,3805
334,1416
363,873
25,3743
419,5331
285,2720
121,3262
268,1146
9,5291
442,4593
483,5264
247,3236
383,5382
255,705
230,4889
223,3576
45,3568
406,2058
484,3221
13,435
378,4676
68,4518
464,2945
217,2126
172,4473
278,4244
89,2970
154,4903
390,1248
427,4253
21,3573
366,3263
204,4113
4,2387
437,2772
180,3326
183,2507
220,3284
102,769
15,2694
410,5377
355,3964
229,1133
8,1685
382,676
273,2196
80,3131
312,2207
345,3850
308,5518
156,343
62,4129
496,3406
144,3027
156,3498
462,912
336,3237
498,1951
375,3256
442,4899
77,723
29,1018
371,250
211,3957
415,2109
33,3677
435,3669
24,3357
94,1632
170,5497
5,1922
239,2212
372,178
27,3909
400,4264
236,1325
230,3575
403,243
182,604
395,930
353,1269
196,2026
101,2337
467,4093
174,1284
333,3316
263,1348
14,697
480,5055
407,1053
266,4504
414,5148
306,905
162,4498
279,4465
243,2574
157,3631
37,4624
189,3277
74,105
117,4404
69,803
120,25
397,1500
430,1126
76,500
23,222
46,1851
105,671
275,3366
247,3882
476,4166
193,3925
118,5205
391,2176
68,377
477,310
157,3244
265,5130
221,2959
148,1474
1,1560
418,4886
251,1440
71,2312
264,1477
415,4584
106,1736
135,4938
17,561
18,4324
286,1252
323,2226
464,3090
198,1933
1,4829
301,201
378,2103
37,3024
474,5144
97,2693
131,488
44,5205
286,5001
115,2135
131,3947
370,4241
500,1952
256,3617
344,3525
262,2099
148,3753
317,3515
284,5238
481,4390
235,2937
459,4285
487,332
380,672
310,2921
340,991
387,1375
417,4271
97,4857
59,4876
391,5567
86,4254
356,871
335,3229
43,5471
78,1829
138,3631
27,5521
235,5144
491,914
241,3787
372,424
353,639
125,1216
86,582
186,2926
463,55
262,3742
377,4879
305,3600
199,5019
23,1618
277,5095
209,3376
196,1588
28,3122
488,949
171,2502
190,5349
337,3991
170,2744
1,3933
312,4855
493,1024
142,3762
51,5452
162,2686
252,947
436,145
133,1775
340,1639
229,4767
98,86
422,4375
20,2763
109,1546
448,613
462,936
433,2356
15,1267
377,2557
412,2266
433,2949
52,1049
486,4759
226,1147
234,1285
157,4397
456,1300
225,4243
365,1681
407,2947
68,2111
444,4894
490,1553
61,2359
465,1037
436,2936
134,1371
177,381
103,2415
270,4411
265,3834
330,1948
372,4983
203,1303
491,153
350,3248
204,3430
107,2276
1,2921
305,511
325,2825
390,3569
290,3952
350,2884
83,5391
330,3128
438,1123
282,4665
127,4205
299,3546
147,902
342,2733
305,5093
157,4354
340,4239
40,3224
496,3558
269,3892
305,214
416,5151
111,5035
158,1954
274,4278
491,5069
453,5073
68,5354
266,4274
150,685
489,230
412,3845
69,3496
466,1839
372,599
497,3163
181,1186
31,1880
39,5141
397,1239
107,616
486,3748
38,2464
177,4224
196,2108
97,4032
129,619
457,4236
127,579
302,3946
15,2065
304,1259
79,2424
203,3029
235,5044
167,2939
71,2819
355,287
326,2451
255,1734
398,5066
443,2711
131,2605
455,5089
172,2686
148,648
110,3131
378,1349
327,4350
325,3124
342,3119
413,4668
217,744
44,5137
364,1462
15,136
258,5373
469,1523
499,455
89,4547
214,4159
229,1587
439,2723
233,2083
285,3018
426,5456
485,453
480,646
389,2188
412,3035
130,4878
324,1744
154,1000
9,975
495,4834
362,1490
93,1113
430,5227
201,1878
142,2588
317,2085
208,3558
344,5065
482,4195
6,98
394,3693
421,485
341,366
9,593
193,2533
361,407
203,4961
477,3806
94,4392
226,3584
59,2890
251,4548
24,1196
325,656
338,5303
91,3378
493,1578
475,3283
279,4224
148,881
94,5394
36,5504
390,679
167,1558
234,4179
232,3919
271,179
440,111
2,3459
327,3432
495,2792
468,4167
335,1446
313,3703
427,970
137,2141
322,4508
198,1968
291,2588
260,5048
262,2647
285,3486
260,2185
46,2693
152,2837
106,4576
269,1861
320,5078
340,4150
401,4210
73,3560
260,853
141,1354
138,3030
423,1923
219,3955
306,4980
499,2777
388,4018
92,1168
191,2909
418,1820
380,4638
468,4348
442,335
32,3561
351,3232
240,4961
430,2826
55,2066
121,5073
250,2693
169,2172
381,1047
197,102
11,3529
390,3955
221,1794
119,5186
210,5202
56,5166
277,4311
2,4716
287,4398
495,1958
149,2555
205,3066
473,5486
298,5555
54,61
470,4903
169,3521
91,316
316,2997
488,5452
311,2632
500,3983
390,3246
284,1770
397,5467
227,1293
326,3648
208,2748
308,3439
471,1634
292,772
58,475
408,835
338,5039
209,4056
89,4653
155,3117
89,2623
169,169
427,3810
358,4170
361,5030
500,4579
83,2197
290,1897
411,4804
277,1729
282,4850
214,1201
464,3832
431,2773
283,153
391,4392
179,1223
211,1199
257,1881
332,1305
113,3992
462,2889
25,5292
75,2975
182,4835
258,2373
322,5418
179,1191
137,2239
216,3196
439,503
431,2305
377,365
353,2221
386,4322
12,1131
244,3205
265,3388
266,230
254,3072
59,3321
209,3832
409,3481
229,1875
337,5181
444,5246
112,4690
415,2084
489,4570
472,2030
146,5242
13,3357
433,5155
337,546
428,762
226,1282
414,5392
302,1024
279,1842
445,5452
304,212
134,5441
188,1527
457,659
225,5046
485,2696
389,1064
298,2209
498,3107
314,3756
295,3687
485,1051
452,4635
188,2589
24,813
244,4454
25,5058
206,3089
360,1439
294,4419
131,2487
164,432
207,3332
62,3064
332,4190
401,841
391,1134
11,339
379,332
67,224
386,783
301,3369
245,396
180,2631
373,3553
374,1062
53,3178
163,2814
76,5557
176,4822
254,2489
45,2494
71,4403
180,3215
201,765
229,1494
437,4783
274,2659
293,3216
66,3152
331,1989
275,3950
409,2722
397,1623
316,2
77,3077
302,3842
115,5005
50,1549
249,2163
291,131
412,154
171,3872
357,1219
115,2028
389,2178
352,4511
493,3727
169,1468
284,1782
49,2175
211,322
286,1216
482,1420
223,669
28,2321
85,5421
89,4594
3,2148
227,5521
47,4722
354,5373
224,4701
113,2538
235,4846
337,3396
312,3150
424,4799
267,682
406,4834
336,1344
165,2102
171,894
159,1856
20,2890
215,874
429,62
405,3013
334,2255
80,2896
467,1610
165,52
443,3541
250,4304
256,3433
194,4971
19,3280
414,3787
104,3858
253,557
485,4656
10,2650
469,3806
161,719
335,381
399,1790
394,2381
108,2987
466,5361
307,5063
92,4575
279,2959
283,3603
484,2969
273,4323
213,5110
189,1555
70,3501
74,334
486,3759
61,1157
360,3803
139,2596
442,4754
494,3882
304,1169
37,5319
345,5587
280,4721
379,3452
384,4162
122,2737
443,2077
476,2872
474,5006
227,2728
253,4203
74,3645
448,104
355,5000
70,2694
248,4987
42,254
187,2834
297,457
293,2089
53,130
212,5331
238,4041
338,1055
276,4136
233,1991
383,2641
222,1135
197,2382
378,1032
76,855
454,1718
146,4958
344,54
210,3800
152,235
118,3815
45,592
394,1356
43,3452
416,5533
187,5480
470,1333
243,20
430,504
21,4267
490,5388
391,1661
424,3153
182,651
473,5430
113,978
459,3440
19,3345
326,3876
184,5328
191,3431
396,2494
261,1405
382,1352
73,2251
342,921
482,2673
492,4864
409,65
459,2774
359,39
227,1176
25,2527
341,4474
99,5328
407,4820
328,4978
421,5503
277,1892
339,2829
361,2
490,367
482,4503
50,4412
52,2378
395,827
55,2617
129,4990
460,483
332,2907
137,1448
2,3073
159,4971
212,2686
364,2603
122,5242
460,1310
186,3452
327,599
240,5473
386,4463
297,5425
4,3740
480,1073
464,5353
386,1107
473,3402
273,2974
411,5066
203,1355
336,2787
81,573
203,3871
312,4767
92,751
397,579
428,4632
293,412
58,3909
304,1102
362,5142
20,2091
363,1187
124,1381
205,5215
36,1191
404,4484
144,772
210,4531
165,4589
100,1539
359,1571
465,1959
217,4761
464,1387
259,4798
366,4908
13,3487
177,3588
435,847
106,257
90,2278
466,3162
236,47
277,1881
134,3631
460,4103
67,1066
296,4727
293,1392
464,723
241,1939
307,24
367,5424
195,4256
55,915
213,2854
375,231
133,5119
87,2398
358,2738
259,5233
411,3301
25,3468
409,3943
228,2983
168,3596
206,2163
71,2623
488,2527
77,238
179,1829
165,4887
485,2672
301,2610
92,5014
69,3689
370,3869
430,1750
266,3721
484,619
120,5399
453,3925
78,2157
167,4412
168,2762
322,653
396,4786
135,1554
452,2539
263,4018
247,3266
8,99
266,626
288,2174
255,5296
250,1675
301,3113
64,5055
238,3442
175,2566
63,3645
155,242
246,3672
180,5497
268,5150
453,4667
426,5283
428,1824
203,2839
291,3602
411,3128
390,3249
81,2931
16,3402
180,3324
195,1264
446,1051
224,3548
142,5248
292,2484
321,2159
39,4208
70,4711
199,3348
469,3481
333,4175
158,1374
468,3170
411,579
471,3418
109,484
244,2305
117,5358
294,2906
81,1810
270,1772
410,4969
319,3212
101,39
431,2187
8,5301
457,2780
388,4590
166,4493
299,1397
192,998
279,2973
173,580
61,1312
311,1238
358,100
197,5507
387,3955
359,910
407,1292
110,4872
363,4244
235,114
466,117
471,2687
426,831
406,678
88,1313
439,5019
316,927
2,1511
160,868
1,4442
416,3351
184,2051
292,3348
449,174
114,3382
311,898
226,3892
105,1731
336,1855
309,3060
267,4918
82,4324
150,2256
441,1331
175,1210
279,2420
327,1903
384,3887
242,312
458,787
225,4206
107,864
340,1962
157,1713
324,2218
479,687
488,1607
411,3580
213,892
75,1965
120,4702
166,2855
126,3173
60,3968
389,5567
170,4883
92,4307
78,2796
485,4251
91,4883
339,4751
364,386
418,4484
19,3132
297,3897
342,752
90,1448
71,4230
73,908
237,4322
242,5242
87,4057
437,942
369,4403
11,2418
458,2078
136,2877
416,3
270,3847
404,2394
426,186
124,3972
312,2866
444,3494
193,5283
142,1080
71,4061
433,2336
138,1099
378,2136
167,5241
428,5246
408,2365
231,369
331,2654
179,3357
292,2349
36,5435
268,3606
204,5308
342,5358
239,1774
313,4179
441,4583
330,3001
259,945
180,1219
202,3316
425,1072
86,2258
39,3612
141,802
96,4207
449,150
436,136
285,5057
202,4942
303,4775
174,1878
158,4177
336,2178
449,916
372,5073
175,131
62,1263
104,232
381,2286
146,3526
381,4495
388,3541
406,3581
383,1649
143,1693
420,2944
464,3112
367,2786
239,1698
436,1741
241,523
99,4915
131,4553
496,5219
384,1132
344,1966
172,4026
441,3361
258,3771
242,1725
257,112
125,20
122,673
485,5006
121,682
330,3186
81,2992
10,1534
424,116
191,2452
290,4074
244,3374
67,3824
109,4603
447,5135
436,2759
144,924
470,1534
367,2534
277,3891
180,5396
81,3477
214,3891
312,3504
53,1342
418,4818
349,3376
423,1725
163,864
487,2264
237,775
278,1298
394,5326
212,729
12,371
115,1874
149,1663
425,3492
221,279
460,1440
433,4878
425,3778
128,3503
141,4752
231,4409
35,3332
85,1260
435,2677
62,5391
179,5270
146,2023
115,3311
165,2812
44,1595
98,3594
96,2981
417,4509
218,2918
429,3394
198,3602
243,3192
94,720
443,3531
289,2349
228,4169
129,2244
106,2592
293,2969
307,500
458,503
279,3369
300,5337
457,3815
170,4838
104,4009
263,4511
23,1397
385,1886
72,130
455,1544
71,3592
88,1820
354,211
19,2361
72,4415
497,194
10,2927
81,2904
20,1526
384,2083
427,4178
464,3307
283,4431
330,3289
288,5099
356,2642
176,638
223,4245
250,2140
44,4079
143,3542
136,1508
82,1868
6,4401
186,1083
271,1749
231,4936
196,262
355,2669
402,5510
335,10
290,2755
436,2849
425,5254
448,3472
53,3173
206,5441
334,3824
80,4452
223,1211
98,4534
470,3955
423,5300
485,1790
471,58
146,3089
208,519
419,4331
121,656
331,4260
156,5232
431,3403
211,904
297,2575
212,2018
56,230
330,762
408,605
275,4695
7,2499
415,1054
222,5502
443,2027
113,1128
184,5579
206,1695
272,239
281,5308
223,5159
337,3526
367,5394
122,3095
244,4938
434,2788
62,3723
49,1928
395,4043
114,4493
247,1254
321,3176
454,4337
421,1222
385,5093
485,924
336,4464
247,2930
414,4907
233,1662
157,4611
357,4914
4,3609
462,5394
265,1250
84,4315
209,4505
241,5058
285,3418
161,1195
21,5121
4,3311
27,4105
371,3149
88,3137
227,1110
143,4217
214,3817
257,2253
85,1336
309,207
151,5397
140,5097
364,769
101,2355
398,3241
41,401
339,2415
73,1580
465,3668
283,2948
34,693
469,4786
24,1558
7,811
180,3163
301,329
279,1074
177,1681
200,452
229,4805
258,4850
420,690
56,1482
154,4874
377,5422
6,3875
473,165
45,417
154,4722
465,1809
359,2057
127,573
133,4220
114,3384
336,4064
339,3132
191,2124
258,589
364,2897
104,2049
429,1372
496,1434
101,3042
2,3652
226,2727
458,4321
375,896
127,4889
435,2963
83,4180
490,3587
197,5587
192,597
29,485
467,3325
77,4912
348,460
485,4920
315,2983
263,2959
211,141
137,3242
50,127
58,4747
473,522
174,3453
164,2761
472,3656
248,4186
419,5000
272,3140
63,1339
468,4080
151,5050
62,5493
29,2903
491,1970
133,3987
186,5285
403,3084
116,5277
449,2665
495,4825
20,916
410,210
371,1255
135,5038
53,3360
115,830
462,2621
459,859
400,3502
57,4265
248,2535
385,3037
378,1698
391,390
298,3131
39,414
94,4944
333,5298
222,4676
2,2153
398,3648
63,4164
289,5013
232,1250
30,2119
469,3886
500,3165
301,2991
437,3246
248,3010
440,386
315,4501
29,632
191,5394
69,3679
151,760
132,2100
332,3293
281,4772
197,5567
207,5012
413,756
189,1645
325,2854
435,162
101,3592
250,57
286,3633
335,1641
113,218
163,1621
280,3534
114,2307
108,5162
214,2461
42,298
211,3249
351,4804
89,4422
278,417
253,1502
70,5007
440,4087
78,4841
473,3107
394,1586
455,3867
150,1281
270,395
362,5520
222,2267
408,2782
53,3686
289,629
421,892
193,3301
2,2700
120,1417
379,3162
311,4973
343,3927
151,4553
356,1811
25,4493
153,4822
282,5122
481,3925
356,4014
124,1798
119,1444
32,2041
39,3164
246,1784
201,2785
371,2441
472,659
336,706
157,964
301,607
160,378
206,3711
446,2325
41,5303
432,4281
463,772
447,556
269,4640
160,1757
75,2915
473,3074
311,328
149,4465
167,4160
383,3459
470,5321
230,1450
288,5244
392,1140
384,1311
53,1990
239,1759
476,1896
121,4846
260,3446
335,4664
368,4319
42,2957
120,196
91,796
48,2108
1,3754
177,2592
349,619
119,3400
194,4153
175,3360
446,1019
439,738
162,501
473,410
175,3841
228,5070
110,1841
58,3461
407,5468
281,99
405,182
160,3204
92,4298
330,5497
25,3632
134,1286
21,5120
269,3348
152,3672
102,1412
398,843
288,2953
107,5538
192,419
258,2512
396,3668
22,97
235,1820
114,1677
477,3658
383,2648
341,4815
265,670
56,934
95,4016
311,3496
197,4291
448,3778
22,564
46,1121
213,4263
456,3728
239,514
384,3109
427,3051
359,3245
402,2201
46,730
155,773
490,4341
164,4678
4,2694
123,2470
105,3016
419,3318
500,2576
183,1840
109,516
48,4106
137,2601
149,3948
165,784
133,4701
97,4666
385,4822
126,568
117,689
332,755
110,1755
435,3688
200,2999
31,467
251,63
172,3727
157,2105
108,1937
43,2998
203,1658
256,2587
166,1548
153,2169
233,3280
176,2508
245,5445
139,1
290,4537
348,3012
271,1468
131,4555
145,1526
451,4835
66,2548
410,489
188,2363
363,2546
49,1272
343,5387
457,4499
496,1085
190,4006
451,1055
209,3493
352,5350
207,102
26,304
215,2236
36,1183
47,644
223,519
283,4647
194,3424
395,4323
38,5112
494,4019
3,4761
194,1453
201,3786
209,5271
37,3691
124,5463
28,2246
412,711
363,589
204,5413
423,5067
55,851
262,2267
139,326
158,1234
435,2589
269,4538
166,1293
108,4674
196,4795
282,5256
196,4789
228,2474
309,2472
119,4656
192,1391
155,3319
451,2871
70,793
325,1284
67,1854
191,319
214,1312
273,1295
147,1156
476,1158
280,1167
455,1820
96,2536
286,1297
36,642
379,2558
343,4378
418,4591
59,2505
383,4114
268,1370
169,2608
405,1581
37,499
319,904
355,2740
171,2071
240,5405
385,2666
196,5299
336,4624
158,201
465,211
219,5278
112,1272
229,2655
48,3368
76,5541
398,4494
220,1852
350,3431
334,4908
269,440
458,925
437,2727
180,4035
163,4988
196,3256
109,1515
422,4753
119,3513
218,803
488,4416
88,624
40,2939
59,2789
3,3573
129,1625
432,2609
266,2334
500,3114
234,2161
289,2207
163,3541
20,2470
172,3609
26,3752
465,143
136,2267
60,5001
34,4283
282,1069
102,332
4,2617
330,1612
220,1421
259,1779
259,5463
480,4760
305,4737
87,1347
459,4677
182,573
94,351
262,5158
319,4913
20,525
43,735
198,980
149,1176
34,891
440,3820
53,1150
206,2059
348,2239
213,1591
345,363
176,5355
224,3284
473,2458
65,3504
368,4734
381,4359
94,681
195,5133
205,3968
201,3564
42,3899
206,1736
198,5508
275,1981
116,2933
414,1587
486,3311
297,418
216,3405
10,1850
380,3913
31,1433
438,900
208,1765
270,2275
13,501
417,5472
198,3249
283,694
182,2083
135,3065
248,1218
302,452
127,5096
448,1146
296,1874
18,5480
130,2113
2,4955
205,54
76,2326
92,4735
300,900
440,2607
119,450
237,590
190,1078
175,4234
388,1672
104,825
61,4772
98,3485
153,3064
353,1592
168,4288
406,4716
7,3750
17,1065
366,1697
282,4781
78,4887
262,1779
465,4627
293,3712
285,3992
244,2156
290,2091
271,3867
271,2188
274,4266
307,1820
131,4405
305,4460
394,1354
208,3927
141,4129
204,2535
8,1377
64,4593
487,4466
207,2593
185,5027
284,2383
138,2947
433,800
283,852
412,1875
24,677
294,5325
89,938
301,2366
234,2739
76,878
316,4931
270,1278
412,1947
347,5007
168,1418
120,3622
480,4977
411,3782
222,3461
105,221
438,5118
151,4619
468,5543
329,490
25,4531
348,1940
249,3163
294,985
98,3929
424,1054
72,207
188,5189
186,4668
408,3225
33,3134
466,2484
142,1739
489,4662
297,3763
102,3565
48,1240
108,1000
386,5431
333,3482
309,3523
81,1221
174,4567
460,959
184,5031
179,1102
434,4945
54,4309
32,4781
252,5225
495,4884
197,4115
349,606
70,1525
383,2941
476,1539
46,10
263,241
431,5262
271,2703
387,569
444,4900
212,1631
307,4289
249,1745
233,1490
160,1965
357,465
120,4771
132,3391
148,581
350,5352
103,4528
43,300
491,2480
454,1871
494,4663
225,3164
359,3042
229,1237
101,45
334,1777
496,1765
385,2472
339,1942
168,2708
230,1857
372,4083
192,5435
481,3069
68,1726
108,1955
496,3575
326,3100
97,3526
432,2275
432,4849
164,2336
321,467
262,3163
459,5310
309,2422
100,572
53,4482
493,154
83,852
29,12
448,2685
57,4956
227,4426
87,2963
62,4441
394,931
47,1894
304,2078
68,1281
100,522
307,3846
448,5585
50,1801
312,4955
44,180
169,2266
102,2673
481,4810
359,850
289,4820
273,2199
460,2225
398,3868
500,3292
200,4573
148,1383
471,17
484,5441
165,3383
462,399
492,2099
159,783
187,4124
361,812
284,4196
431,1922
258,1523
91,1342
220,1233
40,3836
93,3709
360,1724
222,337
312,5540
76,3512
425,3983
429,2515
140,5258
67,4771
407,5174
128,2445
281,3430
73,1937
363,3638
498,3455
229,4434
483,4474
487,769
15,3647
425,3851
128,2737
226,240
243,4257
82,4221
338,2962
388,2000
121,1906
58,2869
36,4036
117,2054
201,4711
105,2755
365,3827
19,4549
231,3813
51,281
338,2407
103,1819
395,4120
97,1948
40,4028
302,1580
143,2323
220,3437
33,2124
115,3116
371,3224
291,771
391,2253
469,1917
464,3871
135,535
278,2829
332,5268
215,3418
239,2455
329,4076
272,1243
405,1856
387,3135
236,2251
140,147
137,475
169,3452
224,2892
179,3466
454,3071
415,457
390,5193
67,2538
116,1433
202,3761
126,1729
93,1687
449,544
392,423
420,3567
81,4419
150,4909
29,558
44,5327
235,3323
441,3858
396,2716
398,803
482,444
93,3221
135,3276
316,2817
328,2896
91,485
13,3619
452,244
63,2044
232,4795
176,3416
397,1988
66,1587
153,2649
495,4635
444,3972
298,5021
120,2483
150,2369
321,947
144,459
88,1077
292,2620
452,3244
359,948
267,1013
99,1061
491,4668
342,4276
87,3777
86,637
84,2747
373,865
348,2380
143,3077
327,5524
317,3595
351,3399
406,5227
392,256
46,1471
149,4967
306,5037
50,1913
112,4193
467,4381
286,4133
15,4485
264,5013
409,3694
142,44
12,1641
224,2099
293,4161
230,4489
390,809
403,3068
347,111
413,5558
116,2362
251,3953
293,5300
209,1110
162,1383
114,3369
177,3810
33,3325
425,5200
292,1989
388,334
161,1632
109,1567
422,4583
8,2905
69,3187
131,771
65,2512
203,3880
46,230
389,103
448,3401
147,2206
386,433
442,151
195,2613
208,2106
367,171
484,266
369,251
369,2705
303,5049
274,2444
31,803
308,2281
440,4602
69,104
152,695
36,581
391,3852
281,3135
167,2992
367,2731
228,3639
333,4810
359,2927
47,176
23,1602
276,4646
241,3214
461,3585
419,1602
345,2515
184,1778
219,2148
360,4132
427,2373
455,1594
479,3638
315,1777
317,1200
390,3367
174,2940
193,4252
60,5515
362,1023
187,5534
196,2036
437,788
239,2616
102,5279
113,4719
8,4853
14,3258
350,4980
188,4031
214,2675
277,4547
376,4609
201,3312
476,1493
110,2303
250,2461
65,4382
362,2978
102,1938
347,862
258,703
234,4330
268,4525
18,1345
215,2355
244,2784
103,3300
153,403
160,1647
46,4736
162,3484
16,3688
337,4449
220,4634
200,1397
86,3433
490,364
145,2887
386,2364
299,4556
256,239
107,996
71,2814
439,4868
20,5248
151,554
334,2614
36,1109
434,5314
237,3213
245,4091
479,1053
312,5408
118,116
474,2738
68,5565
154,2105
352,2601
162,5073
401,1463
156,1661
187,2960
409,1158
496,1166
2,34
216,1940
314,1978
98,5399
208,4750
123,676
59,316
487,5241
183,4336
300,5237
51,1229
83,2000
197,3007
264,1310
359,4735
133,295
465,1250
23,1943
171,3312
155,5322
26,2910
228,1982
346,2436
467,4294
299,711
129,1769
452,2716
457,5371
500,3856
205,3779
189,3234
484,2203
118,221
424,2039
4,4995
242,2251
107,1008
330,1424
24,3669
491,5421
73,2074
147,80
239,5421
8,3551
311,5538
435,4393
152,2051
69,47
135,3758
347,5544
168,3918
430,1642
255,5577
384,501
76,615
429,592
291,1302
162,1867
447,520
111,5390
500,5049
15,1068
186,4587
43,4995
222,3958
386,784
34,3527
236,3762
143,5160
429,1110
373,1070
278,4603
86,298
250,3821
153,711
213,5335
484,1781
432,4774
98,2416
368,22
147,4348
175,2062
334,5012
75,1376
231,4655
368,5475
376,4608
76,2527
468,365
188,321
392,1822
373,3857
436,984
64,3835
233,2894
217,4821
287,3149
200,2590
262,539
389,2227
151,4466
436,1237
223,2943
57,457
175,763
467,3430
11,2363
74,5042
440,3460
419,3174
320,2026
235,5027
298,4429
382,4900
183,553
335,3875
356,2173
463,2663
90,1131
269,5307
236,3919
252,3319
388,4528
437,4723
118,2160
474,3301
455,4393
207,3506
410,2936
380,389
476,3505
117,5011
188,2474
217,5022
211,409
281,4992
304,1045
500,1928
6,1932
41,4664
316,2395
479,2316
474,1364
406,3649
481,2957
345,3281
10,1541
263,743
261,3400
96,2038
395,1540
186,2220
9,619
388,5432
35,2515
417,1584
1,3060
384,1405
232,4981
87,4408
318,1715
434,2649
143,639
50,288
38,2399
87,4862
500,4539
423,1410
500,3025
413,1591
350,2300
65,5008
240,1944
383,3851
216,5570
131,1789
412,632
270,172
50,897
280,5498
311,2171
50,1576
207,1023
99,2123
424,921
182,2681
225,1236
282,214
224,769
299,3564
234,2978
136,5268
381,856
214,1406
380,3418
126,787
408,3088
289,2042
383,2215
370,1387
249,3020
491,108
183,1700
264,950
108,878
89,1336
376,5172
314,4659
308,4790
18,2455
485,170
287,1632
121,5541
447,5224
477,4278
20,4407
125,270
177,3183
212,4136
231,5059
22,666
481,2966
372,1092
183,2245
153,4196
221,571
253,4085
110,1904
24,2934
15,796
412,149
500,1727
421,2914
328,3256
403,2855
129,218
279,1565
63,2407
258,4212
137,2214
343,2582
315,751
171,2238
121,4088
285,3512
36,2662
372,3977
272,3748
370,1583
483,1481
235,1936
29,5461
301,4072
44,936
7,451
126,986
11,1224
383,3518
467,4158
23,523
56,5177
117,1017
344,1003
475,4494
347,2716
39,4026
394,5010
120,2444
1,340
11,1198
133,1736
348,2756
181,1541
404,1607
190,3469
379,4137
133,1514
342,3060
216,2080
88,5348
217,5145
7,2955
325,199
452,2926
26,1605
278,3662
128,4475
498,4816
178,2096
37,2705
419,473
290,1201
212,3582
350,4669
470,5327
482,1369
294,3536
114,837
374,3315
20,2650
106,1575
69,3401
442,3756
274,2556
235,3313
390,2296
327,970
497,89
401,229
239,4467
68,4020
57,3471
167,2872
93,3477
231,820
398,1705
311,3089
48,4113
157,5288
361,2715
91,4791
363,3934
204,439
249,3816
307,4728
84,4724
61,5330
387,4286
205,2463
264,2718
350,2295
174,2501
428,3125
203,3761
219,1218
195,5231
50,4515
185,5133
421,2989
487,4644
428,5479
302,606
74,3094
97,2502
282,4160
259,1067
372,4665
233,3652
128,3187
434,3254
331,3352
59,5321
278,3153
104,2249
444,1709
494,2562
410,1988
494,2166
353,2122
379,2782
22,3004
268,4621
197,1620
118,5046
231,4387
302,1773
428,3213
205,5135
430,1774
450,5286
41,363
60,1765
103,4395
14,404
475,5202
374,4370
345,2273
227,1330
441,4339
167,857
12,2036
143,49
223,4632
103,3133
144,5021
466,3339
265,3669
15,3720
9,1381
197,848
434,506
288,2745
168,4420
110,4293
453,1330
121,4645
315,1647
90,67
271,889
480,3228
40,3872
491,4297
196,3479
400,1767
77,1440
210,1075
179,3136
307,3748
45,140
304,5451
70,4004
31,4402
123,1584
264,2528
450,3770
352,746
459,4232
383,13
33,2691
470,965
133,3489
264,5216
351,737
276,2661
93,4303
382,3851
355,1786
167,1115
264,4199
215,4141
140,4048
480,4756
226,4270
58,3274
82,4245
241,2511
388,549
119,1484
349,1199
49,3551
156,1677
144,5000
233,78
381,2389
469,4678
155,1762
387,521
374,847
500,2207
127,4765
80,4251
250,2011
64,264
257,3283
72,4876
452,3768
142,275
418,643
286,807
48,1646
267,4282
204,731
49,1459
9,4838
286,677
351,314
207,4397
452,2727
168,2820
341,1589
294,3632
260,867
448,274
490,1451
458,4428
270,4757
42,5506
204,4310
23,927
400,1325
131,4886
434,4057
495,1504
249,642
486,2507
181,3215
182,3462
418,5092
201,249
103,3814
38,1218
282,1060
286,4814
78,1366
323,4457
147,3839
296,2770
304,4522
470,614
346,2896
149,5021
243,3865
272,2571
264,2142
453,5047
10,614
483,4280
317,5150
469,4613
89,3724
150,1769
443,2394
275,5322
395,5325
31,2292
462,2486
18,1856
428,3006
432,3201
90,5474
202,2473
465,4708
49,3116
444,464
375,4748
478,2046
96,5272
105,4990
443,4725
365,1292
66,2187
235,990
368,2776
49,522
164,2725
137,2666
223,1490
409,959
481,2244
149,926
15,4964
462,1170
420,1182
143,896
47,5410
384,1812
341,894
332,273
320,2952
47,4478
383,4360
117,2590
455,3176
390,617
384,2733
290,5254
237,9
408,1790
375,1928
263,308
234,1030
13,1162
239,2410
403,533
250,1676
44,945
316,3646
354,4581
123,1099
10,4785
192,3796
88,5335
490,735
51,2266
136,1847
201,5546
384,861
402,1161
481,4757
250,486
80,3161
143,5432
49,4036
460,3231
374,2051
295,2586
339,1602
93,4450
410,854
13,4047
203,484
456,79
395,1436
42,1075
333,5280
219,1033
2,4431
379,3452
317,3401
492,1514
444,4662
253,3529
267,166
201,3209
422,3307
378,2766
170,3786
176,83
90,4812
148,4169
45,2287
342,1088
271,2731
482,990
476,3477
450,2617
20,3647
219,3377
30,322
461,2472
160,4452
433,4751
313,3942
49,3545
22,2379
25,3450
497,1019
208,1541
428,283
173,4883
116,1128
481,5529
19,4873
303,3712
415,1769
318,3877
408,1843
104,4576
407,4176
154,5179
415,4509
364,3377
101,1619
135,1381
290,414
330,4506
217,3688
362,357
255,3277
13,1426
448,1853
35,2749
294,4114
450,3515
227,4255
455,1760
456,1623
250,998
404,17
445,789
382,4592
267,1582
366,4286
166,4313
156,2189
157,133
95,4163
87,4104
412,4313
232,393
72,4306
457,4624
99,4003
29,451
273,4514
194,3306
189,678
28,2115
256,165
449,1880
60,2090
213,1068
486,4492
4,2079
479,2972
101,2210
31,942
203,560
288,3161
51,4707
440,278
214,3148
4,2915
125,5110
175,363
344,1830
484,3587
306,327
410,4198
263,3509
125,3686
456,3079
101,4623
478,604
356,5130
132,3497
322,581
41,3886
371,4837
310,1526
465,4577
17,2760
433,2154
129,2178
281,5567
371,217
294,921
23,715
184,2526
250,2481
153,4553
341,5253
231,5235
470,5046
370,4213
253,5120
317,4696
94,4164
486,1025
364,3417
231,958
76,2876
112,2137
491,3902
97,284
494,2218
360,4331
62,795
410,2508
483,3622
367,4843
416,3729
463,3117
38,3084
25,3043
119,81
68,2884
208,4719
268,1579
156,1665
50,5279
231,3476
472,4290
23,4121
348,3967
168,5106
397,2609
6,3248
157,1549
305,1515
31,5061
404,22
114,3519
414,4259
310,3495
309,325
50,32
6,7
240,4884
120,4491
5,2192
437,596
380,3171
471,3103
403,5233
30,4359
38,3843
419,723
448,2658
367,877
432,4812
457,2092
447,3318
491,172
490,1935
296,2208
115,2106
143,3419
14,2121
264,5465
219,1202
343,2384
270,4740
398,2025
275,3415
52,3881
94,923
160,1065
101,4134
229,3990
64,871
386,4492
323,3180
467,101
72,1954
408,4360
52,3132
233,4863
241,4586
30,3806
108,2960
135,4871
32,3948
59,4039
467,3227
239,3491
232,2039
316,896
384,4599
274,1668
7,1879
30,4127
201,1684
245,3507
11,3855
420,336
45,864
122,1147
462,399
169,1688
35,3826
93,2090
73,3339
125,1224
264,2605
107,839
386,3402
290,2860
254,1746
39,1917
238,2815
369,950
206,1092
15,2335
151,442
121,4953
481,2552
228,1210
359,4127
371,606
359,3363
414,3465
20,5165
103,760
50,3917
478,2664
181,12
337,4606
157,259
150,2243
148,726
189,3926
273,4867
416,1335
371,2735
470,5477
328,2061
8,2677
158,625
486,4365
54,3100
203,3535
378,581
145,693
36,536
337,1479
270,1718
146,2830
35,2245
168,151
179,5228
119,4243
233,3086
258,1584
245,983
418,3765
149,260
132,1510
46,2506
487,513
190,30
215,2174
85,2648
478,2581
433,612
469,1538
324,1119
245,2743
370,5260
357,2396
22,914
149,5170
235,3349
360,5075
394,119
155,3754
1,4028
140,598
29,501
373,3446
467,3130
163,3697
174,3708
343,3118
186,3104
360,4513
270,3706
285,3288
255,1017
418,2937
430,5453
21,2705
209,5493
78,2314
178,2467
389,808
217,2214
205,790
34,2188
231,2724
409,570
84,2015
359,3253
273,4271
471,3447
242,2270
288,3765
362,549
376,1277
180,4002
109,3407
334,5038
421,4879
448,2455
461,5455
485,4115
483,1704
437,86
153,4690
300,5023
139,2664
200,550
243,1705
407,878
346,1253
134,4407
234,4043
343,3792
190,4406
8,4074
117,4022
46,3208
68,2903
268,2092
152,1580
241,893
456,1579
201,3611
111,630
63,3359
194,4964
73,4285
134,3403
357,275
17,5044
25,3791
375,1750
354,4312
272,5511
252,1344
48,2124
434,2689
484,4646
374,3909
404,4026
384,1733
122,4805
277,2602
268,1387
5,3434
104,3104
28,2081
190,2612
337,4292
437,2397
471,1288
298,3941
449,1946
43,3467
296,2821
138,3138
341,970
461,4168
235,3170
197,2340
177,4452
74,3309
371,4657
450,2247
350,5427
80,1172
52,294
222,192
462,3866
436,3391
93,4952
477,1131
435,1823
32,2864
136,3144
353,5221
102,1457
22,3366
367,708
26,4785
308,154
416,4205
184,559
118,915
91,5246
45,3850
272,136
101,2377
37,1165
158,5407
62,1480
375,3069
198,833
497,2172
89,3482
235,1704
362,5236
39,5007
290,694
125,2597
384,1676
9,4305
150,1092
177,4139
342,4457
439,1692
298,3934
490,3316
297,2053
404,4148
124,180
179,3126
16,1035
210,2339
160,427
200,4733
228,3579
304,2951
422,4229
5,2301
221,171
306,2520
26,3070
424,3604
434,1291
168,5162
135,2265
214,4762
438,3312
319,2833
326,3808
349,3516
132,2553
272,1269
73,4682
277,3324
36,116
20,1759
484,1727
417,21
441,2106
172,982
440,815
442,4199
68,3754
255,5112
455,1161
348,5499
315,1976
201,5195
482,2142
345,5254
362,3230
59,5427
38,5212
72,1121
216,2673
66,1701
8,4504
241,3362
37,3661
87,4215
421,1095
102,1467
36,4910
143,4074
42,2300
468,2053
20,4366
316,1921
384,2242
463,3358
225,5254
127,4402
198,5155
164,1620
424,2566
214,2963
30,2113
467,4770
281,524
369,4020
399,2085
435,3160
441,55
40,891
286,1708
199,1342
216,93
467,4599
110,2102
460,3479
35,1663
325,112
498,771
247,1275
398,2178
340,1268
246,166
291,3847
422,5141
486,5027
203,3711
389,2649
49,1607
203,4941
364,1369
315,1556
362,4394
31,664
385,1644
71,3527
108,2202
323,1861
378,5501
135,4747
22,1960
326,3257
174,1409
419,2009
147,3639
403,4587
172,3825
47,1707
173,4691
256,2801
470,1621
392,2311
67,710
91,3283
337,2780
443,3002
499,1235
409,4498
43,5073
433,4927
180,3167
463,5568
76,1279
112,3868
237,2190
493,5528
82,3720
217,2582
147,216
368,5058
121,1404
331,4793
406,5483
443,1757
360,587
104,966
225,3964
214,2272
89,2642
168,3283
218,616
443,4111
326,4727
173,2062
434,1988
262,4716
256,4109
153,4665
174,721
222,757
317,932
61,1154
24,5395
406,1351
355,1781
106,1610
460,5283
176,5136
452,1807
126,4774
473,2706
480,2519
439,2024
186,2080
317,2743
204,3035
464,3063
140,1278
211,4202
486,994
182,4982
386,947
125,1182
393,2706
308,2183
289,5112
280,2047
441,4640
463,2231
202,2193
472,3669
492,2899
476,862
283,2108
102,2545
240,1669
2,1763
391,5573
65,1916
383,370
108,1466
66,4293
90,1893
479,2810
464,597
272,2136
33,1876
334,2251
304,2255
498,395
103,5263
262,1608
211,1271
359,3114
362,1993
169,4393
269,55
95,2173
160,849
240,933
330,1018
436,1861
15,3003
424,2419
206,271
44,4280
368,3641
313,4491
387,738
5,4729
369,5119
315,662
331,2684
332,4077
423,587
22,2378
325,1426
64,2028
104,5184
383,55
460,1230
300,203
379,3606
258,2044
326,2629
105,2679
432,986
14,4314
340,2411
80,4265
144,3663
496,3803
336,391
386,1010
292,214
350,115
470,3651
240,814
101,5223
272,3457
100,4573
125,1243
409,1519
300,5310
459,1566
162,1319
319,4218
27,4344
97,1476
113,1948
261,955
282,1619
500,716
172,3930
449,2028
131,868
400,3748
16,2893
477,3510
37,2401
281,1843
88,2485
160,162
460,4982
455,956
255,3410
261,72
52,4693
231,5074
71,107
83,1687
444,218
293,4591
211,200
321,934
178,1574
417,3232
414,614
474,3459
163,2963
212,2364
325,1879
29,5552
129,611
428,3876
458,5243
479,2499
146,2201
72,5117
90,2529
360,5032
435,1712
143,4755
82,4534
436,3252
459,4952
56,696
69,1978
481,2358
228,4515
407,3747
121,1528
317,912
435,3013
7,217
321,2978
348,2540
114,2818
168,4206
156,1428
398,2119
343,814
489,3253
437,4089
237,5466
8,4941
469,3649
329,873
427,5164
62,4555
185,5152
260,1884
355,1959
139,117
67,4915
222,1292
220,997
481,3161
343,2863
65,2249
90,1030
366,2537
316,5160
452,5251
439,4079
316,309
310,5148
350,3884
88,2538
182,4668
249,25
92,2249
287,2740
332,65
442,5110
240,4780
371,1977
56,1652
256,3401
370,68
227,3774
435,4491
12,2681
498,1422
113,3211
73,4880
222,2764
215,4522
56,597
455,5098
120,3981
319,2449
491,1958
209,1355
287,2919
318,9
441,4761
32,4736
147,4231
329,4053
245,5312
75,1521
89,79
71,86
139,2034
320,5505
167,4163
452,1107
394,4488
15,5090
308,610
290,2005
447,4174
34,5118
367,3567
434,688
219,4636
475,4741
221,2700
156,2024
91,2048
159,4805
442,3263
225,1187
94,4928
169,3402
179,3902
169,3715
338,2296
72,4313
45,3946
250,5277
344,1827
85,414
249,1842
317,946
434,859
248,1510
31,2107
303,3441
129,2640
308,607
410,3242
366,2903
32,1189
55,2633
264,3899
166,416
46,967
338,1681
314,5528
494,3581
269,4164
406,3954
463,544
403,2849
307,2541
311,2341
167,5261
66,743
350,1672
4,3860
68,3446
330,5521
143,5374
32,1112
440,331
451,2066
42,1991
331,3962
257,5089
58,901
218,2536
185,3267
205,1046
108,2819
101,2627
366,3449
77,4285
413,3022
276,870
47,5277
48,3463
146,4947
365,2202
51,5563
31,1827
239,1517
202,2482
376,4405
108,5155
101,1387
14,2713
73,2974
205,3957
261,2815
121,608
386,5055
93,4710
471,198
56,1717
223,5543
360,145
244,1377
365,583
372,3099
302,2917
341,1250
341,5364
230,2950
32,2129
336,1803
416,886
478,1800
175,4635
481,1830
27,5290
254,3335
470,238
269,4058
306,2392
25,570
274,4694
267,1206
69,4777
364,3076
310,2521
292,5271
398,3866
337,1210
250,2612
329,1304
366,497
368,5242
337,4687
48,1188
21,3112
378,4492
191,715
5,718
176,3999
233,484
160,2654
288,1681
162,294
288,176
416,378
403,2536
82,2482
333,3643
490,2295
112,5314
106,2004
48,155
214,3782
115,1472
207,798
6,1496
323,799
466,3377
6,770
198,4156
14,4643
135,2943
32,3719
16,4738
232,901
117,4678
490,4118
381,2137
371,3054
231,1050
290,1725
34,5259
332,3612
225,146
10,675
233,5162
56,2408
297,3945
493,4013
236,1253
325,2392
35,5466
107,3251
23,1201
24,4482
401,1987
469,3630
391,1676
465,1442
475,234
468,966
55,2108
5,395
15,690
150,205
300,1035
255,4548
345,469
389,4586
235,4041
366,5524
490,3398
190,2999
241,3781
154,2983
478,4330
217,102
6,5418
412,5114
359,4274
174,1467
265,2441
195,412
44,1095
254,3442
228,5495
354,751
434,1556
394,3942
288,2071
193,4492
112,3409
289,299
424,827
71,748
47,697
42,1360
333,5325
64,2110
498,4572
257,2228
360,782
34,933
12,571
477,324
303,4067
256,3023
21,3845
329,3576
150,537
356,3191
473,3891
368,337
50,3030
216,1099
49,5345
474,2977
89,1809
130,5449
237,3173
217,3886
449,4073
294,5491
361,2114
149,3917
93,4900
15,1274
386,4152
192,3527
91,2415
280,190
149,1116
121,1032
24,138
111,5041
418,470
127,636
471,3957
30,3655
16,3663
115,4389
101,2784
283,4759
438,5338
215,3598
85,4398
250,563
310,1857
88,1939
264,1891
113,3727
222,1211
144,3416
497,2026
163,3289
423,4004
208,4888
440,3792
396,3825
100,2980
116,1718
112,1870
317,1798
29,2241
336,5008
66,4754
221,428
490,1006
104,4949
403,1588
485,1612
250,619
443,1355
296,1323
489,1547
443,5455
206,2775
72,4226
466,173
496,74
367,2540
396,1940
241,1522
224,3361
248,721
18,3452
336,2719
442,2348
8,2372
21,615
146,1101
386,4930
292,3475
76,2005
206,4062
394,154
161,1304
215,4913
181,1332
408,4394
145,5503
230,4860
286,3145
324,279
324,1880
193,2069
465,5061
243,4424
220,508
41,2762
105,75
135,4796
454,3110
407,4824
329,2988
293,3652
228,2699
387,3228
57,1100
118,557
163,107
378,4974
170,1064
307,1223
84,2429
193,4252
361,1068
163,2928
246,4980
473,2959
123,5086
306,3144
390,2437
322,3658
259,5386
481,2787
133,4706
494,1840
95,469
376,4667
225,4267
100,3205
63,1868
149,3418
9,4195
285,2614
431,4175
109,5087
280,491
30,904
45,574
362,2843
137,2712
272,1761
208,234
94,1782
126,1401
467,1910
263,3202
274,2959
26,4085
323,2810
281,3743
110,2221
93,224
445,3798
457,3012
469,4632
210,1084
431,1631
263,1571
412,3951
486,4250
362,712
217,3471
152,1575
350,5343
46,40
329,3708
202,52
455,3713
78,2345
357,549
357,4588
142,2478
156,1299
240,4737
74,1277
161,3195
345,1943
346,5058
37,190
225,4637
277,5366
385,3968
358,1081
135,3729
254,5539
339,3118
186,1978
70,1332
497,5182
299,5216
193,4716
234,1914
444,2122
23,278
383,1442
165,5469
453,2193
33,5325
109,445
23,1219
466,1307
189,3319
270,1305
19,454
195,265
325,3849
257,4149
249,4289
433,4188
16,3982
488,777
265,514
369,372
460,4357
31,2522
142,2172
113,4129
436,5409
340,3720
74,453
186,508
267,4057
376,4409
33,1248
498,2760
315,5317
389,1394
365,427
245,1496
371,1637
59,493
465,2227
475,564
23,1347
141,544
393,5248
104,4060
77,3055
454,4449
268,1022
208,5462
474,2342
500,4400
170,1146
283,310
355,2142
427,5286
31,2528
413,5397
482,2363
405,374
140,989
400,4359
82,5328
345,37
232,2049
355,178
416,3976
181,2039
416,5266
102,3545
182,1616
10,5547
181,4371
482,2796
330,3985
45,2930
496,2160
183,3070
241,3426
220,4187
167,4864
418,3145
89,4878
269,3542
203,2444
302,3508
416,2155
212,690
98,972
476,3201
24,2837
232,76
6,2002
497,1806
233,2636
26,153
84,3871
427,125
436,3889
58,2413
108,3198
51,4009
340,1299
238,3400
418,1853
111,3945
140,4215
175,4696
379,307
