user_id,friend_id
393,15
459,482
15,371
106,372
160,249
392,482
112,361
87,19
163,323
252,459
199,495
361,210
477,190
248,395
179,162
210,282
489,380
46,254
8,398
304,209
390,338
108,127
466,190
402,473
130,179
471,315
275,118
296,98
5,170
99,142
295,141
424,228
417,480
385,398
124,434
189,164
408,137
348,400
148,167
467,400
105,218
293,465
439,493
117,33
67,452
432,266
105,83
433,346
69,119
399,368
268,152
191,211
139,497
492,269
194,106
365,259
263,470
284,178
359,483
482,222
204,230
500,154
261,166
140,313
157,44
56,141
382,160
320,21
284,289
160,375
368,297
285,226
496,416
274,50
483,355
418,287
370,111
484,422
195,202
419,108
328,9
216,66
324,157
390,496
316,8
221,28
142,371
461,107
57,44
87,447
152,199
408,491
401,339
274,170
388,465
431,165
231,405
107,295
280,167
332,395
205,113
192,365
299,181
318,270
207,253
61,66
371,412
77,376
404,383
174,330
428,309
239,351
225,119
89,247
130,450
384,265
374,262
183,433
90,304
69,375
427,299
404,63
454,355
93,342
219,103
155,400
202,33
164,125
366,210
84,107
20,489
485,435
90,253
419,88
362,11
457,362
179,469
362,31
373,238
171,141
336,274
320,258
109,230
70,39
211,401
274,97
370,476
462,353
37,285
477,323
44,231
278,171
351,350
343,72
206,16
235,128
499,205
288,499
83,458
426,39
319,74
53,444
239,310
486,305
71,107
359,285
160,463
451,43
120,317
269,328
418,68
459,404
132,26
222,373
387,398
14,61
124,456
130,189
6,353
244,203
363,59
47,187
317,103
97,411
53,79
217,151
412,333
260,244
197,276
484,73
316,265
248,115
402,264
108,92
220,82
34,269
7,84
9,213
382,275
423,491
256,434
377,224
473,61
303,146
249,315
461,304
61,319
491,444
331,474
100,458
460,35
159,240
29,488
30,281
235,224
375,221
378,458
251,468
171,359
199,438
224,282
351,175
274,383
272,90
209,116
292,445
226,22
189,424
373,418
89,328
491,2
112,46
293,84
282,260
280,144
378,168
365,496
433,138
350,183
378,344
453,33
385,450
230,467
236,338
100,342
262,329
16,99
233,146
328,175
438,232
261,185
105,143
174,139
478,360
66,442
423,1
436,32
260,257
467,462
230,210
402,85
21,236
338,172
392,295
377,134
212,206
284,462
348,68
371,331
261,294
38,61
237,357
4,44
143,196
484,498
78,86
491,213
472,275
33,463
336,349
347,316
166,407
354,220
154,208
450,481
497,350
382,347
224,243
327,98
402,454
276,378
126,6
278,27
326,271
396,2
391,251
148,177
426,46
342,453
26,190
84,461
326,270
31,147
302,157
212,341
200,479
238,77
154,99
142,300
143,156
179,139
141,285
270,407
333,358
53,220
101,349
89,442
68,445
457,233
153,491
362,462
284,245
284,372
77,248
376,445
49,208
230,411
301,340
337,91
8,416
480,442
137,455
342,175
240,180
219,117
144,267
282,174
237,145
126,86
495,144
113,432
427,129
110,99
113,186
401,74
8,232
439,441
275,478
21,314
300,400
50,397
486,324
270,230
65,403
123,149
428,336
26,64
388,62
442,146
82,163
129,31
15,297
341,438
75,414
234,9
111,443
111,148
484,245
216,281
248,82
371,131
101,124
202,364
404,87
233,81
173,403
344,134
83,436
240,226
499,109
17,302
212,95
98,36
428,250
366,442
421,136
237,397
467,153
94,61
92,217
80,257
50,373
286,187
142,327
175,319
444,434
208,186
163,67
195,79
11,373
223,468
172,368
428,136
408,158
454,90
498,410
374,59
14,401
207,198
301,172
453,325
116,430
130,423
75,297
318,251
45,132
221,171
29,439
235,91
381,373
96,93
480,235
80,466
463,9
226,482
223,15
423,492
289,400
196,268
180,370
208,115
137,396
291,243
299,395
374,183
406,149
396,194
125,200
169,209
350,271
366,306
339,186
206,155
153,159
154,135
84,116
10,403
25,371
274,448
328,283
398,223
243,88
145,98
493,440
450,339
169,398
82,214
127,296
76,472
237,85
63,223
345,108
218,403
353,317
496,64
86,133
455,449
458,453
188,240
346,352
272,466
62,127
339,137
126,468
266,246
399,319
434,179
440,38
362,4
387,175
92,483
324,341
444,349
33,423
191,415
171,350
266,485
60,23
354,231
357,345
15,188
403,17
468,3
466,249
89,453
153,240
145,33
400,308
89,25
492,368
151,294
302,63
281,25
56,178
42,122
193,53
18,196
219,109
351,235
367,222
487,380
207,455
354,224
40,192
219,269
334,340
17,409
67,450
455,390
185,485
14,134
22,115
333,89
306,322
128,469
429,218
61,478
266,202
326,459
340,293
214,284
364,388
151,397
365,434
333,349
115,476
497,76
430,247
55,111
362,1
231,189
256,435
108,30
210,266
194,430
414,438
19,161
301,262
160,103
398,186
346,21
59,156
68,220
37,346
415,221
48,109
181,437
217,159
278,270
361,418
179,288
281,13
141,304
313,360
499,132
218,468
458,198
372,396
257,133
144,204
385,429
125,99
323,37
46,120
121,211
314,278
325,162
234,120
100,173
486,67
445,417
321,188
33,349
479,58
163,299
227,211
348,264
111,490
213,386
420,348
209,160
191,46
70,474
44,220
405,466
120,25
279,342
454,17
454,335
363,190
272,261
116,241
200,321
123,67
276,65
495,406
220,42
292,386
154,316
373,354
481,32
259,480
471,480
59,460
449,298
152,142
315,115
329,86
328,416
239,317
198,52
391,283
465,113
493,41
454,399
127,403
331,3
279,262
231,137
383,354
136,26
270,495
285,421
499,51
71,237
303,9
342,326
18,403
25,160
434,14
407,158
103,178
320,135
147,242
152,383
251,499
306,368
198,27
212,179
243,148
67,299
84,100
66,385
299,337
287,123
226,478
319,278
384,139
460,406
87,409
15,405
94,88
1,360
306,466
388,478
265,449
319,429
332,226
416,214
384,431
234,421
299,114
179,429
397,459
13,207
123,121
370,50
131,60
335,75
282,221
221,72
116,472
422,5
67,170
192,317
24,94
424,382
27,133
216,442
13,24
38,26
129,338
376,210
15,346
426,349
233,476
132,260
271,240
224,457
332,247
153,206
331,371
298,449
422,118
413,317
249,35
40,421
178,37
241,154
377,408
434,376
170,21
273,81
304,318
134,297
67,355
451,247
76,419
139,331
112,89
231,114
479,125
340,499
269,344
353,142
466,46
23,405
479,154
206,125
232,47
374,265
293,419
88,158
307,366
343,323
137,12
328,88
403,441
228,248
36,248
133,423
306,257
105,498
458,460
418,405
280,243
85,384
278,43
96,417
122,8
498,99
247,100
161,442
49,410
453,296
227,106
392,89
124,305
62,37
215,358
317,272
359,318
463,497
101,312
361,180
51,199
243,9
30,398
40,491
51,260
216,280
166,273
131,34
1,51
192,471
311,395
130,306
400,479
271,451
30,452
58,141
38,309
415,393
6,278
144,4
195,280
135,175
301,333
165,471
186,5
134,154
462,461
73,261
116,469
253,461
228,99
465,389
177,160
493,408
387,305
172,171
201,485
151,368
324,194
131,55
304,365
409,162
408,153
167,67
54,353
116,127
240,384
423,322
427,98
385,433
24,183
186,307
151,114
67,22
45,76
190,306
443,109
76,153
249,135
294,295
311,148
278,183
226,304
406,88
210,276
400,449
250,126
10,351
72,239
319,393
79,185
224,110
14,149
221,276
314,19
75,497
65,205
105,448
369,31
490,91
64,113
125,425
346,361
379,228
148,226
290,454
80,291
403,151
226,228
21,145
149,456
369,475
397,499
401,136
110,333
289,381
40,418
321,283
67,229
273,98
29,418
23,201
42,484
166,204
134,164
460,378
493,450
105,88
65,179
491,14
243,137
439,266
147,86
256,471
477,403
473,187
74,130
33,180
174,116
340,205
17,92
217,93
490,266
448,441
490,446
75,383
69,495
308,187
281,40
273,185
478,188
207,348
494,82
40,251
60,403
207,229
238,92
126,415
128,418
492,310
351,326
322,201
37,352
55,282
354,453
181,333
466,498
381,316
150,414
294,292
108,133
130,99
146,40
253,322
32,296
123,459
75,107
379,208
30,26
490,478
453,202
196,361
493,170
316,438
293,410
360,482
256,159
339,163
43,69
499,384
263,156
45,348
223,478
15,24
33,426
256,182
2,90
436,142
57,286
205,18
399,396
427,148
276,179
276,20
337,381
131,232
265,384
457,116
436,37
482,398
318,432
291,23
474,320
273,397
333,207
296,16
288,335
301,152
290,338
319,317
364,42
338,156
337,397
17,92
22,387
25,52
298,5
220,477
421,416
167,312
334,172
175,357
222,209
323,438
464,127
237,119
499,6
382,209
135,75
148,174
419,347
222,132
53,338
285,195
366,78
218,374
475,110
146,358
350,119
238,8
205,125
98,125
421,149
230,186
441,48
285,377
263,458
201,372
335,254
490,31
191,293
481,82
6,7
49,448
330,479
51,363
27,442
277,424
481,209
454,85
300,355
101,381
236,130
414,139
144,355
330,364
369,311
412,8
127,499
48,43
130,139
138,378
321,36
215,13
181,380
161,77
18,475
126,73
340,300
91,396
325,5
173,414
7,434
331,306
435,317
213,417
406,199
228,201
296,388
95,157
17,126
474,473
160,307
160,268
266,425
184,11
319,470
420,260
248,118
371,478
329,354
283,459
1,157
210,202
307,255
10,196
321,453
461,229
442,95
58,469
386,184
88,58
108,402
84,230
500,307
139,296
15,224
253,260
206,250
144,31
202,103
487,413
339,350
315,444
91,158
270,187
452,406
465,198
6,65
98,422
281,483
98,2
199,162
366,45
138,426
255,427
192,311
314,52
120,460
376,261
78,200
53,161
92,42
218,82
491,35
387,386
124,461
373,113
311,280
416,13
246,426
143,136
378,310
342,269
273,168
153,458
210,385
273,449
373,255
39,179
386,120
294,89
409,201
479,221
317,392
339,412
112,272
447,430
159,275
352,262
306,160
466,160
133,367
370,282
65,163
30,143
64,408
8,272
354,442
326,278
401,162
481,13
233,98
28,57
401,464
353,78
283,223
344,283
121,495
135,275
58,154
493,72
34,477
21,4
500,8
10,206
205,412
341,166
242,288
9,298
408,149
282,353
269,49
411,134
316,258
171,385
268,210
483,213
145,143
414,316
184,327
126,327
491,182
400,48
410,86
321,39
452,488
68,382
303,221
39,430
425,57
110,467
209,480
236,148
395,234
191,492
313,36
327,307
411,279
205,477
177,30
67,327
461,257
474,340
301,419
65,226
199,452
165,332
235,33
98,229
35,327
107,196
147,321
35,120
138,364
97,20
167,69
64,326
80,281
312,234
102,443
278,251
416,87
107,337
165,346
222,85
7,419
490,270
299,105
149,113
437,366
127,468
243,410
308,440
82,130
203,321
253,196
36,180
109,284
220,469
499,202
22,179
162,159
494,84
425,193
48,499
47,302
8,128
172,383
322,117
100,477
146,375
497,61
397,142
126,490
406,277
353,69
425,103
475,192
476,291
138,345
424,456
485,56
135,222
110,443
60,160
433,94
44,350
453,429
126,24
335,55
118,213
430,390
109,482
276,171
226,439
190,232
41,286
3,239
225,383
251,271
479,179
383,158
120,239
436,228
358,262
260,212
493,406
198,447
370,248
84,464
121,407
471,443
131,94
484,330
399,371
110,376
405,51
493,164
23,262
342,309
491,419
260,37
17,437
500,499
254,290
338,227
335,175
134,207
192,377
71,110
158,466
289,181
309,412
2,289
47,172
8,440
2,233
101,228
308,413
443,2
56,62
47,484
89,488
284,481
272,140
3,468
262,362
127,62
39,420
39,50
434,340
295,447
151,125
250,241
355,311
92,166
352,386
283,305
64,409
468,421
465,5
150,399
388,272
63,153
377,451
442,437
458,436
216,209
313,37
426,114
333,309
368,203
276,388
41,471
406,456
283,47
185,12
258,338
276,330
400,459
142,9
40,334
133,147
315,421
151,289
64,398
234,39
411,334
463,78
213,241
287,421
56,434
367,87
119,395
258,303
95,296
44,165
195,369
53,398
216,498
144,50
310,164
243,389
49,17
276,346
313,241
83,180
363,280
427,29
13,380
211,288
334,215
349,263
429,158
480,468
200,142
247,206
15,364
221,455
281,435
425,45
162,283
221,303
9,41
416,120
54,70
190,321
104,13
181,329
196,302
319,495
129,27
64,331
301,398
372,156
450,444
410,140
320,183
485,204
222,357
92,360
164,234
164,20
125,164
416,394
190,382
344,416
18,45
263,208
430,447
408,118
246,492
233,376
169,138
214,174
214,147
147,74
41,182
353,281
350,319
101,22
77,379
449,86
499,152
13,368
12,259
366,75
373,179
35,338
103,198
296,476
388,38
26,75
320,338
281,333
119,178
50,453
477,17
228,236
225,422
447,37
101,255
285,289
399,12
198,405
133,479
253,116
303,120
394,132
447,407
72,339
27,362
50,183
204,34
94,119
356,123
235,173
178,288
298,485
465,292
105,234
166,9
369,47
323,434
56,158
205,48
317,11
433,105
263,111
73,226
293,161
263,241
390,123
262,400
448,51
480,105
15,296
342,248
227,117
30,165
189,409
445,7
306,158
101,20
92,379
434,102
279,167
428,47
441,394
428,323
268,192
138,203
175,192
418,180
459,11
396,172
373,389
278,84
164,302
290,187
91,46
402,185
241,276
226,401
427,101
146,205
368,490
132,104
129,297
157,76
416,34
35,297
457,93
1,348
300,69
312,280
439,325
114,61
415,358
459,134
331,45
80,316
33,485
243,54
16,330
48,62
325,491
406,240
98,253
263,487
266,289
12,369
185,128
446,437
173,363
149,338
22,282
448,405
109,5
370,154
208,352
79,141
269,333
51,284
134,86
29,484
310,333
193,481
247,238
128,55
200,43
342,292
136,304
357,224
331,394
344,98
298,456
91,349
445,209
500,468
411,194
27,402
273,22
106,15
395,177
328,247
251,350
211,15
416,289
368,199
27,209
109,40
435,217
396,197
14,163
192,219
128,410
352,188
226,372
398,24
279,58
44,208
327,122
128,499
491,1
268,391
370,445
393,148
376,308
359,236
151,311
313,399
269,446
446,189
384,122
477,368
27,434
268,319
448,131
307,216
459,359
145,60
376,14
413,451
41,279
104,372
158,256
383,195
106,237
192,222
337,380
370,252
397,293
261,17
59,134
413,281
317,469
240,51
457,310
444,374
407,471
377,321
45,328
397,97
127,39
478,346
111,5
318,413
140,476
86,291
440,474
191,447
150,323
335,309
46,401
142,413
192,190
177,185
479,396
497,301
7,258
370,347
221,62
121,265
329,196
458,283
130,105
352,15
395,105
255,498
418,291
58,204
332,411
194,26
482,295
36,365
310,391
70,187
406,361
140,89
415,224
492,422
401,87
354,290
325,295
154,311
446,310
63,118
392,221
146,199
169,476
405,293
56,430
163,210
397,456
345,333
204,429
164,27
260,250
343,322
339,250
443,486
181,408
333,122
99,201
320,106
372,423
310,157
421,344
396,52
363,181
392,441
8,55
445,16
298,294
442,343
352,40
484,344
355,384
428,378
171,405
205,48
133,5
29,234
80,335
389,193
397,382
303,268
460,150
17,437
470,131
246,375
472,262
492,202
385,43
220,296
436,263
181,253
42,57
270,190
219,220
27,284
11,50
455,334
455,245
182,224
71,291
71,295
114,10
310,90
185,339
177,345
269,400
115,203
364,164
474,50
470,449
485,62
269,224
109,36
352,21
44,358
350,110
452,193
144,107
402,124
128,59
123,462
367,111
67,339
15,153
385,311
292,215
9,329
84,39
109,271
268,336
451,71
200,444
104,154
59,475
83,252
345,62
243,488
414,184
87,413
61,156
326,486
367,148
254,261
458,62
108,487
160,14
374,14
382,481
65,23
112,323
71,47
281,460
302,446
48,161
455,114
6,243
318,290
254,119
487,34
283,94
213,148
191,469
484,336
429,67
485,27
18,425
235,283
322,294
157,421
107,306
355,282
321,214
391,468
238,245
474,319
190,484
246,3
443,169
434,55
186,55
242,412
470,444
67,489
123,110
382,316
145,485
341,68
4,25
285,181
275,53
54,443
345,23
306,156
94,486
299,69
171,46
56,209
367,485
339,376
174,440
468,35
260,162
256,87
207,227
469,7
264,136
292,291
460,237
119,391
40,261
472,381
496,150
56,104
225,66
202,461
313,446
204,126
225,63
420,91
107,205
230,6
355,186
206,316
357,250
493,227
413,206
19,13
194,150
436,308
423,148
458,417
18,455
301,429
270,472
190,319
190,357
296,315
336,354
280,244
328,159
241,492
110,456
374,46
65,349
269,19
22,156
397,31
364,251
379,424
157,189
236,452
200,352
258,376
422,351
457,102
255,456
303,304
350,271
481,1
410,185
236,7
493,478
223,77
285,18
240,16
12,50
127,468
51,147
482,85
181,340
166,163
328,219
124,110
134,191
74,125
338,392
287,254
226,214
39,316
333,363
283,347
138,321
64,220
34,223
228,232
417,125
174,334
375,170
386,113
172,275
484,203
413,299
300,382
243,445
389,450
258,460
138,346
101,172
449,141
413,275
46,51
496,239
439,37
115,172
219,199
94,440
443,180
137,117
463,346
167,485
331,111
440,277
251,456
214,246
195,449
102,416
271,475
292,416
53,445
449,337
346,287
229,187
128,74
149,322
194,421
9,413
77,232
352,297
467,103
162,371
271,99
370,71
176,93
446,232
382,495
96,23
144,275
493,357
433,419
217,380
202,59
292,491
243,196
283,203
297,148
300,431
483,157
289,54
460,60
62,144
279,386
418,187
48,331
410,429
230,17
368,76
58,8
326,239
283,449
281,399
243,438
467,229
463,190
54,327
103,412
499,339
459,361
48,353
140,54
231,170
315,260
361,90
439,249
500,107
7,252
178,173
224,161
175,54
448,197
228,306
463,369
351,378
303,163
470,82
196,453
35,229
235,439
304,89
134,337
402,133
366,100
322,163
165,238
38,71
69,489
118,281
162,23
437,206
37,316
392,179
240,463
409,227
268,247
440,23
107,142
83,177
298,433
178,408
474,450
230,95
422,255
162,178
219,172
374,180
449,93
49,94
30,273
375,268
496,126
150,414
207,142
276,427
390,173
253,47
214,4
152,131
44,115
44,230
45,194
23,155
214,317
367,374
261,424
158,269
162,459
335,175
115,92
75,188
251,350
161,471
75,393
343,187
37,59
134,187
476,1
67,149
131,170
388,367
394,256
26,330
55,22
120,427
229,147
238,360
496,101
200,413
358,369
140,8
405,322
480,383
358,272
337,430
369,131
381,296
209,240
399,37
270,370
151,449
300,96
242,407
275,36
26,468
389,166
416,71
287,146
432,107
32,64
469,106
270,341
465,42
491,406
287,478
177,123
136,145
377,479
405,118
134,407
421,175
139,419
181,132
412,234
146,290
327,74
77,335
242,435
367,368
199,50
478,40
392,380
292,289
4,67
205,246
273,312
384,18
360,18
59,60
46,137
101,398
57,179
278,129
375,233
485,299
332,168
298,350
249,354
32,259
297,368
197,438
479,349
259,260
425,119
487,148
261,489
453,272
182,164
279,350
473,467
186,155
359,371
442,246
297,498
291,499
123,220
459,391
140,41
180,333
84,163
338,268
358,9
359,423
70,194
383,222
51,254
50,170
165,286
67,403
1,373
474,440
250,401
81,311
16,80
474,85
262,144
241,49
426,43
282,151
404,98
304,109
183,9
178,58
490,8
214,430
378,373
491,474
186,414
10,462
366,353
479,17
135,344
392,422
58,143
58,227
12,284
237,384
313,461
423,181
162,285
458,373
38,84
57,300
209,49
77,421
172,159
257,444
499,440
193,218
103,11
291,175
280,216
29,73
21,404
227,360
348,141
239,156
201,439
409,252
144,247
182,213
201,165
26,357
485,23
290,49
25,389
91,314
150,247
229,478
252,103
405,32
390,471
429,405
181,365
115,83
484,115
388,463
421,103
5,181
416,168
58,149
20,53
257,243
268,386
227,25
428,284
291,312
251,137
267,495
43,466
7,288
125,161
253,245
11,341
116,170
324,209
15,349
104,325
497,393
339,239
278,12
459,477
310,89
29,441
368,249
170,47
314,43
247,319
263,38
329,462
324,46
335,487
489,284
425,302
170,108
175,301
268,156
184,311
331,351
388,438
225,127
201,73
417,392
146,136
485,397
84,491
234,330
345,178
485,188
146,288
495,22
274,130
194,450
199,407
263,19
34,248
55,298
367,384
434,497
185,8
409,72
453,142
7,461
371,362
171,408
346,258
172,446
13,60
449,170
443,420
93,459
496,121
393,490
318,130
226,228
492,447
75,364
96,306
13,56
66,344
385,102
451,61
447,149
8,447
127,57
96,269
210,325
192,335
330,242
353,249
220,37
493,6
167,108
37,23
319,53
237,248
153,247
438,467
164,310
32,403
28,30
473,77
319,461
243,457
51,301
127,205
272,346
241,234
151,409
436,498
180,63
197,344
221,404
493,143
43,224
76,13
168,408
361,186
434,22
80,114
295,462
294,68
493,161
372,26
360,274
99,350
419,125
116,330
382,274
233,70
330,199
439,393
11,61
230,91
310,17
314,191
356,77
452,475
380,126
158,211
492,362
435,71
360,140
371,387
266,485
291,457
209,18
208,347
495,297
118,145
383,481
24,350
202,297
440,306
26,436
207,211
257,208
429,255
271,353
272,375
218,96
139,149
298,285
181,212
459,354
63,91
212,130
389,440
296,200
485,301
268,340
254,384
338,388
226,125
28,354
148,316
442,168
55,375
132,209
191,442
307,403
284,425
78,46
103,366
200,342
282,340
208,105
362,289
216,198
462,140
469,8
110,483
70,256
116,304
366,257
317,213
258,354
206,122
381,456
34,47
236,132
360,430
158,79
235,217
342,339
28,33
130,221
15,436
242,128
135,183
497,116
288,293
201,490
463,383
100,256
312,296
444,409
397,37
95,193
23,60
173,480
315,445
131,291
270,457
17,290
242,230
242,320
259,23
221,76
77,430
292,269
358,397
131,48
113,349
463,318
400,485
238,287
156,161
4,394
25,246
171,343
466,225
63,192
222,476
164,411
290,171
221,310
230,437
424,101
420,44
402,201
407,464
355,53
219,293
253,7
298,439
115,19
176,59
307,408
132,315
271,208
455,193
115,358
341,320
416,33
367,398
193,254
200,228
56,388
177,113
406,27
24,321
412,20
317,421
312,5
393,391
107,39
118,485
283,102
346,394
161,183
253,172
95,413
167,47
431,167
212,7
344,432
326,329
142,186
177,260
11,456
293,47
166,473
179,283
185,179
9,220
128,22
170,71
136,13
483,352
158,288
431,225
463,130
131,316
162,126
453,149
385,434
34,40
372,314
261,59
334,105
177,118
341,128
39,274
99,482
34,19
92,177
358,303
16,220
6,346
225,3
272,157
441,315
452,360
443,438
408,97
108,471
42,76
86,68
315,406
96,199
460,24
366,154
30,421
349,431
114,450
39,242
391,384
370,144
229,175
225,70
153,479
146,442
88,28
425,369
23,111
223,218
41,75
436,246
55,83
2,209
31,373
260,154
151,420
124,180
123,411
157,401
399,370
219,61
246,182
38,402
291,493
259,58
245,235
279,3
41,257
470,458
31,490
464,294
85,339
5,41
402,204
135,305
309,302
475,422
104,296
497,304
352,155
463,323
23,183
241,420
371,55
126,282
239,212
163,428
135,9
72,330
489,193
434,121
304,354
411,233
439,293
409,133
115,98
320,331
484,350
480,31
492,277
137,173
296,400
373,63
500,89
229,437
431,319
349,395
32,56
467,281
117,121
258,433
463,204
46,490
111,428
56,331
300,223
192,458
49,365
442,476
236,386
213,81
61,337
448,71
422,411
449,337
457,61
187,127
194,289
88,189
384,55
311,269
420,253
75,277
301,418
432,135
231,153
153,275
452,159
440,471
426,29
33,495
123,128
208,67
154,324
470,185
244,257
364,104
293,308
168,498
436,411
209,151
428,293
249,56
298,436
30,228
127,174
473,142
463,194
367,275
180,328
370,153
282,289
265,209
274,83
310,18
466,48
389,292
462,344
7,490
425,122
482,140
22,326
286,23
399,70
441,439
54,200
485,86
395,304
497,49
449,5
464,285
111,334
20,440
298,110
393,370
410,122
229,193
26,400
118,476
193,36
394,463
479,265
247,333
268,75
239,269
285,470
466,77
468,366
456,12
204,71
22,350
159,237
166,138
80,418
297,454
64,45
223,64
368,294
249,288
69,443
246,13
356,326
325,208
7,410
255,3
489,144
424,77
478,163
473,265
462,205
303,12
57,438
324,448
238,330
251,400
174,44
375,433
391,342
418,299
9,210
417,390
398,220
20,231
388,442
296,491
238,174
12,416
127,183
371,88
282,101
100,284
428,445
130,471
176,195
363,138
196,243
65,245
381,146
461,29
148,111
315,53
390,386
220,358
296,412
469,489
400,90
16,467
324,186
224,468
426,33
78,331
453,325
367,317
178,27
210,454
142,340
46,258
402,219
26,252
221,120
381,113
361,331
377,415
378,371
180,140
106,454
410,407
441,277
296,412
289,303
310,336
439,302
284,392
167,341
374,157
104,195
228,29
404,363
197,85
252,84
383,158
151,268
456,404
406,146
39,249
158,312
137,202
309,390
351,485
492,435
440,173
41,112
461,2
476,63
493,483
147,76
260,282
81,13
349,250
393,25
420,295
231,215
347,120
55,241
38,171
435,472
202,77
242,18
447,191
103,315
81,69
301,453
95,125
411,436
321,200
401,325
20,365
303,183
222,468
450,63
357,393
18,488
483,325
85,309
182,63
179,441
202,318
311,100
106,3
471,327
257,428
220,144
94,412
367,494
92,252
444,11
294,385
210,289
383,282
462,196
441,344
118,249
494,299
418,93
15,482
18,186
194,98
284,384
394,10
482,61
72,178
170,318
196,81
347,481
423,244
250,280
401,270
320,5
290,300
413,282
375,93
227,493
194,448
478,356
406,327
231,122
343,267
347,386
33,138
180,372
440,27
220,222
145,20
231,423
51,496
15,236
354,78
462,304
44,463
219,104
479,168
467,227
330,282
480,85
269,184
41,184
58,164
22,101
284,104
378,446
162,183
88,242
335,486
303,398
180,152
444,10
182,378
500,316
338,160
431,261
366,140
236,129
479,444
284,281
330,438
81,362
25,382
467,404
13,127
263,377
306,58
252,143
75,475
308,259
474,490
144,201
9,171
111,466
169,484
468,467
258,318
159,247
157,321
496,474
211,79
407,326
281,475
249,192
22,494
463,52
77,225
27,189
420,314
432,244
91,405
20,415
351,320
281,18
364,196
209,215
240,138
286,385
411,223
240,12
358,318
39,79
348,20
437,113
27,411
93,57
261,486
358,174
467,384
258,192
33,402
260,155
200,440
103,137
246,156
275,95
245,296
248,377
36,246
280,160
476,469
492,451
468,369
193,107
163,25
218,229
241,40
325,475
194,431
241,179
241,435
412,428
306,160
296,302
318,9
217,173
116,346
80,109
457,255
471,377
462,296
480,444
80,48
375,334
135,97
318,125
233,45
253,294
74,8
65,191
393,243
314,87
86,230
449,99
449,344
103,9
468,57
297,241
330,477
277,60
284,397
150,478
37,222
336,272
197,238
368,471
419,386
257,483
204,412
143,467
64,65
136,191
458,375
286,183
231,168
28,341
345,277
394,445
155,468
39,73
215,454
69,206
73,460
254,81
347,478
163,204
320,414
137,75
244,475
477,418
259,320
308,148
68,102
32,20
92,59
112,15
366,80
323,441
6,417
222,496
376,48
453,352
194,356
271,329
69,212
278,214
293,198
372,211
203,227
484,352
177,168
417,343
204,416
180,17
146,351
500,77
134,166
397,128
424,88
329,311
473,494
336,64
284,182
417,180
398,196
79,354
279,500
251,158
223,382
173,200
167,479
498,126
393,266
346,150
356,159
235,133
351,446
286,175
454,422
28,122
425,44
368,495
42,72
287,175
190,466
240,159
448,299
60,499
145,285
3,236
334,324
429,93
226,6
166,421
451,320
499,56
307,195
206,346
187,290
168,85
239,307
96,220
228,113
377,273
133,486
137,72
105,113
140,96
336,240
390,28
43,37
447,308
289,377
284,1
271,62
464,100
477,480
455,128
340,239
237,485
495,492
205,128
410,289
163,314
137,36
268,398
235,300
279,318
56,11
455,331
399,37
31,180
230,389
159,137
179,138
493,492
290,287
458,493
269,229
268,281
74,436
16,499
59,176
154,418
420,118
238,475
432,301
341,110
359,206
204,316
74,108
412,67
55,234
171,374
200,314
384,325
313,169
354,162
48,339
177,413
11,379
366,157
101,395
209,47
460,55
432,268
70,363
251,469
420,163
47,378
397,425
88,168
44,238
50,431
495,209
204,228
168,353
352,404
283,410
337,496
95,308
456,288
18,337
171,309
215,116
297,471
144,229
112,142
75,158
110,323
78,370
469,428
450,430
426,133
258,228
74,493
166,52
409,304
176,214
159,406
449,434
347,399
231,392
69,261
358,404
437,39
293,418
33,426
3,273
497,433
63,359
318,58
139,90
435,461
464,69
460,496
155,235
113,500
227,390
217,247
158,109
151,465
210,480
354,24
258,188
454,495
391,225
178,438
109,420
38,111
481,201
454,374
354,419
120,435
117,419
99,115
224,164
375,286
469,286
317,261
352,336
167,336
490,448
411,192
93,454
376,251
168,228
7,153
461,165
145,56
323,92
280,228
115,424
141,24
356,62
98,484
273,41
253,429
33,222
277,474
109,464
253,73
104,192
73,34
419,218
385,103
400,308
419,61
64,359
224,115
264,30
8,190
468,188
469,135
293,24
402,42
387,331
230,142
42,57
199,131
68,488
160,419
48,9
452,106
354,207
145,459
6,461
185,179
80,343
260,492
152,44
6,10
300,56
283,426
332,315
442,262
280,328
426,50
364,250
312,316
86,92
384,367
471,113
97,493
331,320
83,229
437,214
471,218
432,177
205,322
300,176
233,359
316,196
283,440
239,372
493,43
221,467
483,94
398,265
99,124
489,435
265,342
1,340
180,294
332,202
313,450
163,492
429,466
336,53
164,10
375,227
321,82
232,422
314,402
319,496
314,107
296,3
7,30
408,367
199,474
185,431
207,293
163,246
233,333
386,302
188,394
101,280
330,68
88,266
86,249
38,486
218,1
299,236
130,262
27,307
416,149
353,71
457,219
283,431
4,227
1,230
437,405
272,105
274,135
155,384
355,104
345,402
426,336
162,95
122,251
234,448
411,443
456,252
258,431
373,258
22,316
1,315
383,68
214,418
471,308
115,398
209,91
347,101
291,24
325,134
171,278
43,215
177,216
76,236
299,308
88,43
462,386
469,187
19,157
381,40
288,243
116,261
76,240
366,489
402,267
351,193
133,145
343,233
462,370
410,432
383,496
140,31
371,297
155,234
474,117
86,380
51,175
302,127
36,156
293,215
384,303
78,290
138,428
295,52
246,402
41,252
214,43
101,123
133,297
341,211
315,318
79,469
388,151
121,348
436,276
488,431
308,195
275,150
115,492
221,179
137,101
285,193
43,62
224,98
390,96
228,12
374,110
194,144
261,156
297,387
206,376
185,296
432,192
458,132
337,451
112,28
452,342
246,63
205,169
180,426
284,153
96,429
398,450
155,15
202,123
323,178
276,441
388,142
260,389
409,405
391,379
119,413
221,469
232,181
105,198
255,417
397,459
121,241
209,326
385,404
215,165
121,183
460,66
500,418
415,128
175,400
471,285
364,15
123,185
42,139
456,453
365,336
54,328
242,220
25,56
318,445
230,183
498,208
294,201
36,15
420,355
343,370
362,499
6,21
335,26
130,380
23,357
359,170
339,492
425,353
226,170
471,9
197,250
466,205
253,48
332,68
397,220
252,470
314,310
253,396
293,29
375,282
282,499
425,135
337,126
407,32
353,123
162,340
409,25
89,303
365,114
297,428
237,479
400,173
110,275
38,250
82,135
248,386
499,189
169,208
217,59
292,312
496,390
106,119
179,13
65,468
383,489
439,125
347,281
263,333
473,314
352,169
411,490
86,224
361,439
453,368
464,280
165,29
479,151
230,143
419,321
285,236
196,500
259,316
180,302
221,111
291,465
389,371
30,101
452,187
395,227
100,46
258,149
58,298
287,7
381,266
365,260
185,297
348,451
240,368
44,103
205,313
236,70
152,67
330,119
468,87
278,113
445,300
57,292
154,193
438,326
123,416
1,166
224,445
497,4
308,162
274,30
262,71
186,286
351,253
297,94
110,240
328,18
82,94
248,400
364,291
480,249
311,253
264,46
239,116
422,480
470,5
294,34
115,267
91,361
130,259
38,65
264,96
286,363
107,250
118,40
75,263
139,304
124,65
204,345
92,235
247,55
23,374
394,287
285,393
326,173
283,303
315,368
251,294
386,162
426,324
244,239
295,500
339,403
53,46
207,59
444,247
363,259
484,158
53,415
486,390
143,487
439,112
98,290
65,313
395,404
54,359
432,230
415,123
373,288
172,252
264,210
210,304
179,365
204,188
459,460
177,95
312,316
429,11
2,150
373,192
194,193
363,458
295,410
361,330
243,232
2,459
54,343
263,314
238,84
468,175
110,334
488,240
75,473
320,50
385,387
354,398
376,429
2,220
229,237
385,165
390,289
444,450
337,186
391,331
151,488
230,213
417,407
113,176
60,289
68,418
409,373
191,463
130,191
142,78
252,418
357,145
55,18
171,484
395,226
189,476
472,296
155,109
383,157
388,476
46,59
293,407
270,96
62,413
208,189
115,230
428,331
431,227
238,320
257,471
177,355
423,281
426,240
462,303
436,405
73,133
108,337
80,237
78,230
208,210
464,447
33,15
105,282
23,448
75,106
368,364
181,123
448,140
317,192
371,165
325,436
113,52
258,12
2,42
449,382
368,471
412,77
116,171
38,350
233,187
241,115
336,339
125,176
185,221
335,92
77,157
404,312
144,262
55,119
324,35
340,179
480,247
115,310
325,461
235,84
174,424
343,8
300,317
5,386
98,451
211,224
387,413
293,418
421,109
20,246
16,255
244,110
138,423
307,251
346,181
220,20
113,104
402,281
352,151
85,19
108,217
272,410
245,206
91,31
36,85
38,373
493,93
469,251
67,418
314,10
279,471
239,114
121,406
222,335
413,209
438,376
43,392
11,264
421,398
199,141
297,491
337,87
360,232
186,155
102,381
314,51
364,218
260,204
88,256
410,153
61,67
329,417
203,10
312,487
330,346
500,229
345,237
116,60
177,466
144,419
307,118
375,428
257,314
228,255
207,251
186,475
14,367
337,393
290,85
269,486
66,224
130,18
496,332
233,240
122,358
39,379
160,459
110,354
160,229
206,243
285,264
82,278
380,393
359,320
311,235
214,144
258,70
376,420
221,125
122,471
331,296
247,22
264,71
13,175
97,455
5,83
274,409
305,340
308,52
72,74
457,362
357,430
111,274
238,145
322,282
61,226
260,219
264,393
365,227
185,434
479,266
227,153
357,126
300,392
348,480
113,73
82,414
496,80
155,371
123,494
208,262
440,168
278,304
390,51
452,29
363,396
387,99
157,125
402,436
74,291
436,251
95,177
239,485
141,396
49,171
207,259
79,164
350,159
102,211
183,303
435,494
59,360
386,357
164,358
365,103
245,184
433,326
343,85
12,251
390,255
263,202
189,340
465,26
117,286
19,473
63,184
295,457
408,488
182,476
38,166
332,435
263,457
44,185
350,320
95,305
56,35
2,333
200,295
143,420
138,468
424,137
322,276
151,363
187,281
398,337
217,456
92,471
218,80
480,468
13,91
393,234
308,71
360,33
150,182
494,294
52,258
133,45
12,299
29,306
142,15
160,420
343,418
477,134
197,321
38,240
156,259
182,241
494,105
357,238
201,399
457,332
385,166
7,164
89,120
265,269
443,289
207,252
329,368
292,26
306,11
84,9
423,250
345,52
82,27
283,5
243,260
295,217
314,368
236,302
58,262
403,434
199,283
167,395
497,423
172,56
500,152
486,45
149,276
254,37
244,354
490,252
377,380
28,376
428,397
138,9
246,472
244,113
21,360
102,412
127,43
49,472
27,462
370,76
397,41
359,403
171,332
54,186
358,50
97,212
15,439
215,105
176,96
458,219
56,345
29,41
76,319
451,63
406,440
454,441
131,94
370,8
285,131
6,281
117,182
491,49
102,11
348,490
439,373
486,230
328,428
440,207
348,404
321,12
384,322
157,374
120,13
243,87
284,64
208,82
357,72
254,311
290,96
410,155
196,449
394,413
213,3
300,115
413,264
14,117
15,489
478,145
405,356
127,459
390,2
109,407
260,18
304,9
94,2
75,309
30,426
271,253
277,101
464,55
472,39
355,291
461,144
236,490
187,296
464,287
489,91
310,383
389,424
282,254
259,242
173,67
94,378
225,277
406,71
412,311
237,183
185,28
421,302
447,182
358,230
483,310
121,483
30,108
273,484
309,14
51,228
45,175
491,217
116,365
158,300
321,177
425,100
341,342
26,456
61,406
14,216
123,331
473,3
487,374
436,169
290,449
327,488
350,195
363,395
94,60
477,68
49,48
416,425
28,448
290,220
420,234
16,468
217,31
87,12
287,314
197,190
353,169
321,332
236,296
292,47
293,363
235,101
473,477
416,284
140,42
145,491
238,60
183,207
79,363
357,127
127,337
187,497
11,253
308,362
404,274
449,65
160,148
258,72
417,294
345,240
396,316
288,366
362,312
295,497
413,67
376,269
145,266
258,80
159,449
116,274
33,95
371,222
357,458
472,474
428,89
435,454
285,349
224,246
393,396
30,172
283,490
397,128
180,52
283,72
128,459
448,201
168,84
331,358
76,85
12,49
483,128
211,171
342,148
214,347
496,37
187,398
486,91
48,130
206,303
445,316
344,334
348,458
416,455
474,98
439,300
433,310
479,16
410,51
111,77
44,79
401,56
199,293
476,21
393,495
59,121
22,421
296,189
95,433
103,486
56,27
196,232
491,110
78,29
495,386
22,234
235,499
398,489
57,168
371,72
282,347
408,165
439,98
378,376
14,289
75,277
166,261
403,76
372,326
269,297
470,216
66,112
338,381
444,451
335,457
285,54
47,295
101,109
22,110
435,16
225,302
212,329
28,41
208,269
171,376
23,101
254,79
22,290
188,49
454,69
123,315
357,316
266,490
366,412
6,412
190,75
206,354
182,179
248,103
46,489
319,410
484,460
112,265
227,245
33,99
113,250
469,280
34,234
444,308
468,424
489,492
407,352
211,155
249,178
55,137
158,30
375,448
339,171
82,161
215,465
139,128
101,20
263,435
256,369
320,356
149,222
81,248
297,90
348,394
369,313
240,24
333,169
277,250
202,92
417,367
215,329
34,454
254,363
159,471
207,407
235,455
393,11
359,178
287,306
494,323
238,26
294,157
495,295
137,289
137,276
155,447
224,236
130,67
117,454
124,3
259,106
344,459
132,233
167,320
401,315
49,450
11,229
339,346
468,472
387,175
99,282
246,318
461,459
238,336
395,43
444,339
14,215
240,399
182,317
215,63
125,290
449,108
33,289
337,474
229,497
384,72
316,262
189,426
264,333
151,188
274,333
493,451
498,443
68,478
362,266
283,295
240,185
326,196
103,107
241,307
52,337
428,109
95,91
90,371
346,36
3,296
110,68
487,461
492,421
391,192
142,47
410,451
384,49
435,35
153,309
251,268
374,480
394,218
49,146
193,84
116,265
318,177
244,26
317,333
113,384
94,314
242,380
297,171
71,359
432,274
131,470
351,499
31,250
379,301
176,380
499,136
86,209
426,121
372,274
161,259
43,329
155,301
391,117
431,433
363,108
256,239
172,479
220,272
336,154
135,106
91,93
146,218
68,378
60,432
411,271
180,356
206,104
357,434
301,215
151,319
442,473
175,8
101,41
230,304
299,176
336,135
429,57
366,427
440,99
297,365
186,500
342,275
147,237
270,335
263,496
490,92
291,199
408,97
475,231
418,22
261,118
33,388
478,111
31,407
291,165
201,195
475,338
39,444
51,405
347,182
279,177
398,6
170,146
310,150
174,79
385,19
211,364
374,190
374,199
199,444
176,422
331,286
17,56
475,220
151,43
196,110
375,269
397,472
269,133
104,470
306,239
255,100
194,280
267,279
162,127
321,4
468,241
6,241
409,468
30,76
251,26
60,462
156,490
270,260
239,285
268,356
160,436
452,304
19,432
190,134
286,224
129,448
15,440
168,375
385,378
230,486
490,185
344,13
431,119
330,100
98,307
101,162
51,443
458,60
414,227
94,85
350,367
323,308
6,356
331,213
218,186
259,208
405,413
38,192
367,263
408,437
371,133
66,340
352,135
469,437
200,449
183,168
475,436
102,108
327,221
473,492
214,364
353,407
244,166
71,1
371,382
11,315
322,489
110,262
451,249
377,336
349,164
258,272
228,489
108,56
481,154
121,369
399,331
230,172
58,478
44,16
224,76
234,356
163,130
207,229
337,429
309,165
314,167
39,482
364,172
93,112
326,302
26,185
284,236
88,310
413,360
404,11
50,348
3,345
473,409
480,84
158,473
146,298
355,435
483,247
417,9
153,232
493,110
281,260
344,477
158,316
446,326
197,105
448,372
225,51
304,10
441,271
139,295
410,498
202,147
146,414
34,478
318,190
169,486
453,63
484,421
54,267
491,321
356,266
241,246
452,394
465,326
323,354
332,343
19,317
101,357
377,279
339,308
95,15
26,179
106,422
299,252
480,145
415,84
430,59
152,359
396,112
232,358
419,171
482,232
402,418
81,362
342,122
261,421
27,473
248,17
327,247
476,7
48,402
30,351
131,475
18,216
378,359
275,469
48,492
302,98
80,323
163,108
157,339
43,389
198,184
327,495
297,300
97,271
291,60
443,455
387,443
362,170
339,173
380,3
410,272
92,499
25,228
105,275
396,66
50,247
98,463
147,345
124,410
359,444
287,394
83,266
447,140
266,189
476,88
328,420
318,4
499,227
249,495
292,46
206,8
391,279
88,152
308,132
76,329
358,367
442,220
279,43
398,57
290,194
235,400
496,321
1,328
95,368
42,179
442,438
465,224
188,459
286,102
20,106
349,105
308,156
160,309
224,356
418,276
10,424
88,491
277,434
388,359
365,27
471,180
243,444
219,30
478,374
270,274
330,34
458,179
341,105
428,85
195,59
363,360
269,357
246,173
389,408
67,70
273,277
276,122
90,77
132,376
463,105
196,123
214,357
119,478
390,55
257,362
468,289
46,280
273,335
26,235
231,446
36,290
105,250
254,302
371,114
151,423
83,80
59,183
123,180
218,58
460,84
153,291
317,68
439,367
424,118
74,229
445,411
420,256
120,194
113,151
143,354
312,462
361,335
157,53
152,45
310,110
60,133
173,396
164,326
264,143
468,16
191,377
5,158
48,147
28,190
115,427
28,209
163,124
358,432
104,252
498,242
127,74
275,187
446,271
307,93
411,334
24,158
276,427
444,99
33,208
184,41
438,313
491,180
43,156
300,12
212,8
46,454
449,9
298,165
285,269
212,276
354,111
181,240
34,475
415,80
374,158
361,383
95,333
368,345
398,464
281,230
271,25
239,293
12,243
424,352
146,440
300,294
80,420
42,171
254,17
436,278
28,319
10,406
237,472
215,195
483,381
380,369
165,368
49,242
190,488
89,494
65,95
169,80
79,176
431,331
61,20
371,255
29,458
194,98
150,460
158,15
38,8
453,258
64,347
351,403
220,302
184,254
239,242
378,474
172,125
433,313
281,336
462,400
362,63
106,141
112,297
347,103
245,187
26,353
159,166
169,210
453,439
218,170
104,251
64,466
113,379
237,19
185,197
375,238
10,197
323,216
223,338
265,88
440,42
466,326
168,262
96,26
209,297
203,296
357,147
255,457
382,42
378,234
169,233
110,226
392,453
278,380
420,497
464,223
174,133
426,164
482,376
455,65
16,330
55,46
330,277
50,107
225,13
140,200
238,353
190,307
277,384
17,471
86,272
10,415
431,135
115,167
220,415
429,416
37,269
318,319
481,370
221,461
239,248
325,231
473,466
442,336
191,473
31,483
169,26
76,144
234,408
307,101
289,102
126,240
475,480
338,55
47,109
487,110
36,241
231,233
253,321
259,325
160,487
370,324
471,464
252,84
381,228
466,406
249,224
251,491
428,312
122,49
347,173
381,384
210,216
44,200
36,300
265,288
39,500
115,461
230,117
484,270
229,352
69,203
10,252
499,33
458,436
482,383
177,84
37,125
496,470
278,53
413,281
362,437
247,417
152,322
488,453
239,248
186,500
119,397
213,46
376,18
457,250
114,256
226,370
89,321
76,151
267,469
85,308
320,239
178,289
162,484
357,472
351,158
132,342
380,82
62,12
441,297
333,455
53,176
298,175
442,125
320,500
287,481
138,155
120,7
6,58
484,135
86,465
113,191
177,266
181,471
188,193
165,83
410,157
333,131
274,128
272,468
495,48
195,221
409,15
44,36
316,50
310,149
2,40
119,380
255,262
66,45
256,456
491,343
449,499
311,441
62,46
159,269
446,496
459,308
244,168
410,170
477,264
46,222
210,424
190,222
435,314
233,121
64,348
3,125
288,348
193,349
323,131
5,152
419,392
298,53
312,281
40,336
220,335
16,154
105,471
157,439
374,346
454,58
118,200
241,36
227,217
113,391
64,173
253,165
406,328
345,67
416,66
276,192
41,380
457,13
487,367
454,170
208,139
14,405
304,209
379,253
18,436
213,42
465,492
106,275
357,316
183,142
434,279
410,122
266,16
276,490
59,437
163,15
202,51
298,386
240,32
319,363
314,394
397,89
448,359
144,409
457,80
367,419
377,367
485,361
204,238
167,377
182,329
270,466
228,289
198,257
84,488
80,58
245,71
249,55
479,119
484,85
357,499
457,200
67,200
58,492
2,148
488,465
383,301
130,440
23,118
62,205
181,353
178,108
123,152
252,300
93,20
384,203
399,349
147,195
41,337
5,479
149,477
346,497
287,341
451,28
306,302
33,220
437,15
342,79
273,132
441,105
135,173
418,490
93,200
262,13
148,22
162,156
368,423
333,387
394,16
389,156
384,67
34,234
79,242
251,451
493,250
159,318
28,38
367,395
439,18
477,434
159,174
151,419
36,421
360,271
195,167
171,186
422,489
103,403
460,496
159,61
292,112
442,308
243,11
172,221
112,87
185,429
446,308
396,215
487,454
40,360
22,27
437,449
184,147
90,223
464,458
406,488
234,49
233,379
139,221
366,102
432,273
84,36
263,48
252,133
468,388
404,435
387,76
104,459
299,122
377,216
204,37
334,59
436,12
372,185
152,359
229,326
66,244
81,469
467,98
78,358
293,360
423,342
473,280
236,278
362,164
442,88
423,299
418,146
228,250
58,4
377,240
46,167
304,268
5,15
487,386
356,485
188,235
143,469
35,447
456,90
211,168
481,187
26,386
240,108
475,497
351,401
270,81
410,455
469,124
143,99
104,239
472,487
402,256
267,22
255,219
181,441
192,37
243,426
248,88
473,131
183,344
174,379
14,248
274,122
387,249
387,266
84,57
1,119
402,99
289,419
302,212
389,475
315,449
271,15
58,81
351,182
375,24
482,326
212,421
108,189
481,413
109,196
215,49
100,92
234,79
411,175
151,223
37,60
171,305
424,268
331,215
114,5
228,379
127,80
306,172
375,120
328,282
324,457
231,259
21,360
252,263
87,212
154,497
108,174
130,308
58,386
406,26
155,250
488,272
348,287
319,179
472,180
25,48
427,499
305,446
141,333
142,131
45,227
104,345
373,219
381,368
177,254
477,386
58,239
460,39
171,445
343,87
487,336
166,138
310,372
263,354
380,444
209,250
86,154
252,367
368,291
471,441
191,308
300,295
17,442
150,309
359,9
225,433
315,458
117,157
457,117
323,367
443,402
489,422
186,284
133,342
266,284
107,143
231,36
499,40
246,409
427,496
351,490
235,11
423,487
442,206
229,406
223,40
329,274
200,421
340,346
199,66
499,429
291,178
203,321
46,193
262,322
127,124
362,107
284,18
457,21
423,394
383,254
411,93
374,303
270,165
297,212
173,305
347,8
43,367
46,142
481,342
8,108
263,335
421,466
403,424
259,331
47,345
385,15
11,349
98,189
478,54
450,116
450,128
94,209
313,277
106,20
429,259
16,340
225,239
321,193
144,237
169,8
182,273
462,325
10,313
451,465
347,198
434,238
468,454
21,500
266,265
92,362
423,383
1,76
173,156
6,317
343,420
138,343
40,321
105,183
278,261
282,156
481,157
139,261
468,462
325,446
194,274
254,7
48,168
353,402
397,485
427,242
377,436
86,200
253,278
348,140
275,156
437,447
87,343
247,142
303,453
55,319
108,353
309,44
418,446
286,245
50,206
491,235
496,346
395,77
353,277
11,162
489,207
392,242
155,469
429,195
372,376
239,228
230,80
4,336
284,53
7,267
235,495
71,422
254,322
250,275
175,241
437,240
6,145
268,97
257,422
236,279
361,180
121,11
60,151
222,365
386,9
122,153
177,106
310,117
489,347
470,136
83,186
162,309
413,327
106,139
186,299
121,421
378,253
393,449
73,42
445,383
398,469
15,113
13,2
419,453
457,376
356,62
476,230
489,355
405,142
138,159
284,353
374,461
89,71
67,96
238,5
260,180
224,478
354,220
367,216
333,234
3,178
430,393
114,2
495,354
53,361
239,346
29,25
361,333
444,30
255,318
339,306
347,194
386,18
343,4
500,130
341,325
150,388
247,205
284,217
420,481
198,163
427,459
325,29
45,47
174,32
151,182
146,23
182,467
432,229
182,448
333,51
416,344
39,306
230,63
14,310
225,32
356,12
26,383
86,461
191,259
283,167
55,1
112,465
67,75
465,410
267,497
207,377
247,96
83,63
242,105
39,263
6,58
138,349
256,131
37,131
499,416
263,310
212,45
158,173
330,282
6,415
483,431
279,355
121,277
235,354
487,275
40,399
323,291
134,316
8,7
63,107
395,388
46,116
286,259
51,305
274,367
87,207
41,478
473,403
116,322
74,303
178,362
133,207
178,351
450,83
228,256
428,211
215,482
430,459
235,185
304,324
81,278
246,262
338,244
152,370
74,377
105,70
439,314
81,75
377,434
495,207
145,196
216,350
192,441
124,476
473,304
162,317
169,85
6,427
314,227
447,273
180,186
451,270
258,478
68,19
74,202
15,124
169,463
246,418
336,211
474,246
42,386
87,20
181,410
18,1
234,402
124,167
22,340
296,26
22,27
315,151
143,175
435,131
481,72
448,92
224,464
46,25
207,306
32,328
52,430
303,424
495,343
141,401
435,15
449,8
500,321
73,315
78,453
49,31
1,137
247,413
230,329
63,382
290,273
245,456
204,106
430,491
328,85
281,438
184,121
219,70
265,358
94,368
3,321
451,302
264,309
469,330
124,201
216,55
367,230
465,218
285,493
496,232
261,10
206,126
312,36
287,67
378,242
66,179
75,403
59,55
283,289
116,304
237,462
288,133
165,290
273,216
446,434
215,304
369,146
70,314
477,419
184,390
477,366
348,311
261,70
318,424
136,141
52,165
401,202
424,427
72,120
255,163
194,51
184,476
10,100
216,271
216,267
107,473
107,314
89,195
217,308
146,300
173,62
216,485
448,218
227,298
76,18
300,339
422,166
189,147
11,265
170,321
291,113
465,252
116,140
236,355
487,21
439,328
50,442
65,295
196,351
307,245
319,189
408,425
262,219
406,156
439,449
415,91
432,20
269,253
347,381
197,165
404,402
331,144
285,93
181,6
108,319
172,259
469,314
188,467
138,292
202,365
480,451
298,259
68,460
183,86
351,24
396,456
466,58
159,155
396,162
53,16
326,337
440,82
461,279
307,261
260,439
277,124
369,454
488,299
68,339
366,389
101,47
397,221
9,347
81,232
431,168
460,147
161,244
477,161
138,389
18,452
282,302
285,378
133,267
271,204
336,310
164,455
299,313
122,243
288,289
216,497
50,289
191,379
34,382
406,449
331,417
118,484
406,38
482,316
91,404
48,490
273,317
422,333
317,427
252,39
314,62
5,82
315,382
99,56
424,370
372,219
10,203
479,466
39,90
348,157
317,362
42,69
274,131
72,39
231,467
51,15
143,478
275,137
235,329
465,119
248,65
226,435
426,3
397,416
379,363
11,37
18,168
129,110
121,418
100,475
20,335
297,356
429,352
66,317
10,202
16,33
237,257
332,493
174,247
365,70
403,53
216,186
323,169
290,497
215,241
99,52
241,359
23,405
488,411
427,448
170,368
234,309
437,20
439,254
164,42
354,276
432,199
126,468
258,160
265,420
325,150
401,91
406,309
307,143
479,175
254,405
277,474
16,5
260,483
288,462
201,303
68,188
77,114
470,316
479,306
374,175
354,284
64,175
492,100
316,172
162,303
234,468
65,480
500,213
205,23
432,399
338,337
116,283
22,417
148,211
137,266
275,7
189,261
58,150
410,187
2,247
141,441
369,110
366,73
201,77
274,230
489,232
80,225
447,382
447,236
270,101
86,191
223,149
25,402
195,304
321,88
176,264
390,251
24,135
262,20
236,41
345,116
290,17
316,16
447,8
21,252
284,232
247,259
302,484
285,353
154,103
193,333
111,43
177,321
116,72
474,385
148,428
76,106
453,212
287,350
199,94
55,72
377,492
244,213
6,155
39,19
105,198
435,133
304,203
42,227
146,197
305,218
62,298
316,306
184,134
238,494
256,321
101,407
168,497
338,461
14,123
248,344
362,280
43,165
143,280
89,389
228,456
367,151
354,207
86,295
399,255
115,212
494,66
463,306
142,367
92,203
227,222
258,33
451,482
457,302
177,398
328,453
185,430
414,402
223,136
472,278
415,181
8,299
346,488
422,488
224,31
240,407
18,43
25,257
153,146
216,303
7,342
188,354
63,154
445,122
187,138
464,185
65,223
490,350
356,299
433,187
84,95
233,6
289,326
28,226
59,31
103,395
126,449
7,129
1,484
425,72
322,218
352,36
371,135
223,332
157,395
152,133
488,142
72,234
243,420
439,219
236,131
462,113
104,396
53,256
29,178
461,162
366,304
224,217
295,103
166,118
159,423
346,363
277,16
234,12
233,365
250,456
143,43
125,124
155,386
7,218
170,111
445,12
225,85
218,77
260,219
291,213
317,92
96,95
487,214
103,214
149,102
257,27
408,322
127,487
55,32
441,464
276,487
14,228
197,472
419,203
378,70
219,278
212,479
318,347
351,499
158,225
318,332
472,53
172,165
406,259
22,2
56,442
87,286
7,33
317,269
230,28
51,96
425,426
51,183
63,440
119,392
219,122
184,358
166,442
350,21
180,443
24,2
463,194
422,184
213,405
225,434
217,403
335,362
163,82
220,493
67,152
465,43
57,262
238,265
122,376
147,144
28,213
495,25
32,252
75,415
414,126
463,324
340,223
15,275
42,472
181,48
347,440
153,23
41,102
394,152
214,221
269,149
383,360
439,35
406,157
319,402
110,176
380,44
485,143
374,50
482,204
278,395
2,376
305,96
22,296
172,224
349,6
441,285
42,299
371,488
133,201
79,421
371,449
426,200
131,441
120,437
83,360
460,94
145,215
182,397
182,494
88,352
472,56
341,463
422,136
348,174
67,269
109,24
329,259
376,231
256,160
89,38
421,351
4,60
293,445
484,222
59,22
485,240
12,297
132,140
65,391
463,279
203,164
333,210
375,326
104,117
124,35
412,2
373,232
263,254
106,137
374,400
342,20
109,499
201,434
288,442
20,242
26,459
78,380
82,70
473,216
265,455
156,45
327,189
281,64
326,155
153,360
494,182
467,182
32,126
484,53
182,327
200,308
124,483
174,93
167,326
164,339
388,30
479,414
344,199
162,493
284,312
128,406
463,140
352,179
26,122
497,492
348,470
109,137
246,355
92,87
206,95
485,292
145,358
334,304
456,132
485,347
118,263
234,275
145,182
30,52
153,169
94,39
286,452
334,128
121,399
239,147
105,43
59,208
83,94
436,132
102,419
177,323
248,436
42,193
162,138
496,416
52,347
392,351
408,235
252,72
36,376
273,239
217,54
449,222
397,21
169,138
378,452
481,331
230,153
148,453
287,488
9,257
160,143
425,240
273,1
75,449
227,433
266,29
299,215
494,132
139,232
241,194
118,120
389,321
126,317
402,283
8,411
401,419
254,111
39,173
136,173
137,472
102,94
198,304
87,354
332,235
475,198
290,440
84,360
277,477
190,278
14,488
353,50
488,101
329,10
227,191
483,217
458,117
150,144
255,483
22,231
298,191
434,127
320,25
231,396
2,278
446,255
126,401
401,21
52,306
165,466
412,430
354,201
360,393
154,343
371,442
264,488
169,388
245,282
228,291
440,404
19,478
377,328
296,435
192,257
202,42
75,311
346,63
246,238
163,368
428,137
101,163
418,124
366,107
244,370
127,289
184,395
162,392
39,61
296,292
123,321
30,194
360,293
159,326
316,53
137,427
37,377
364,415
48,337
208,421
276,203
70,315
58,437
70,150
77,221
487,375
197,57
40,119
102,373
87,232
348,392
393,51
65,483
243,63
49,362
110,101
46,96
74,487
165,211
367,429
40,437
107,311
174,95
265,53
367,152
466,454
325,106
244,78
432,40
175,336
110,260
416,156
17,387
451,81
160,470
127,343
57,13
483,399
448,308
72,491
444,174
95,307
66,50
215,263
251,364
201,216
449,489
102,175
417,333
317,124
132,220
245,63
302,38
175,176
281,8
333,481
175,98
255,488
355,13
238,50
145,289
423,105
131,480
351,456
44,79
480,500
6,365
130,495
422,313
184,91
476,324
361,363
352,134
96,402
249,19
94,142
479,393
301,407
398,252
366,10
123,334
412,336
230,185
153,354
236,48
324,374
343,111
123,304
218,8
468,181
145,423
171,68
10,278
24,59
235,203
26,78
271,326
313,448
384,285
237,424
351,160
395,383
15,238
111,209
324,261
462,375
191,436
322,16
262,381
138,355
33,197
213,318
167,21
326,70
27,351
283,47
216,290
34,289
330,378
120,174
217,429
255,346
405,257
287,123
453,433
147,73
217,317
190,87
156,370
491,125
204,198
248,134
462,212
272,338
479,302
335,229
230,19
99,214
472,6
368,384
261,137
334,295
227,271
120,25
496,252
478,405
224,24
338,371
83,489
51,443
141,139
489,58
80,67
493,370
70,106
54,301
369,220
399,34
262,72
322,148
195,14
334,270
133,25
267,169
293,370
494,289
358,83
96,79
52,60
102,401
384,82
161,218
359,383
3,290
229,195
491,229
490,297
41,248
351,150
372,489
121,428
377,166
304,239
413,155
199,241
330,261
215,453
180,87
290,376
491,334
148,440
310,273
435,384
160,110
285,274
300,495
8,115
132,311
402,156
427,113
274,242
69,184
401,141
101,155
79,449
428,196
442,437
291,399
54,151
7,437
98,140
59,143
91,292
338,291
195,270
192,165
410,398
174,159
93,343
360,9
395,381
482,295
240,475
317,42
358,432
308,13
80,207
27,71
189,362
484,95
379,291
351,404
93,241
2,191
393,217
425,161
263,226
402,466
264,449
11,36
302,196
422,322
15,352
201,346
235,220
268,461
328,94
146,48
142,300
252,337
188,497
171,399
151,324
482,460
72,331
340,270
253,308
297,479
157,424
342,85
207,268
425,350
58,71
153,397
312,423
127,433
140,30
246,336
98,455
476,69
252,271
484,409
300,382
17,397
149,288
71,183
315,120
445,77
303,162
371,11
182,448
74,463
128,443
27,293
258,375
370,268
350,435
75,278
281,243
302,139
286,250
314,382
167,423
131,218
471,15
116,199
213,59
258,55
8,75
33,310
442,93
16,291
249,38
381,426
439,14
317,111
255,368
298,393
453,247
440,344
73,455
376,38
202,339
389,14
202,454
298,431
159,488
128,105
303,134
260,77
218,423
75,92
140,48
213,314
189,379
191,159
193,101
454,268
404,105
476,235
171,179
198,261
423,94
437,203
197,78
133,342
117,232
357,178
286,353
330,146
162,233
491,374
157,216
355,472
404,60
196,375
179,349
124,254
163,204
39,26
361,263
422,336
469,13
60,491
229,136
356,340
470,313
490,71
274,426
110,153
35,497
215,327
257,445
452,244
258,313
467,274
343,154
140,62
23,146
5,228
96,34
146,451
326,51
64,273
76,120
217,196
223,486
256,292
293,20
80,375
236,12
109,65
472,48
140,491
49,397
26,237
387,106
376,332
252,188
460,251
180,79
257,240
46,299
481,419
255,96
243,129
152,111
210,60
152,472
450,449
136,263
180,221
69,283
359,332
385,307
201,116
301,139
428,260
490,267
124,71
142,434
82,245
277,148
71,256
29,500
453,264
98,431
151,236
283,196
7,181
476,203
240,68
223,432
13,352
315,313
415,460
96,490
147,478
110,212
303,261
237,150
66,402
1,129
165,164
286,435
266,326
272,441
339,444
165,325
17,400
416,128
50,475
294,120
39,171
197,454
313,321
489,361
209,333
295,445
109,148
195,451
158,224
286,166
293,186
151,119
429,71
426,493
180,275
38,462
379,174
197,5
179,272
158,280
385,316
344,324
15,31
271,14
266,42
433,148
159,160
394,152
91,160
139,55
359,273
267,25
95,147
461,355
88,286
393,261
472,399
176,334
353,235
183,374
427,107
170,222
265,2
290,304
122,20
98,79
214,236
396,40
135,434
333,440
217,486
346,359
202,392
353,220
133,326
30,407
402,86
167,471
217,16
486,86
105,363
101,395
238,488
138,450
6,315
237,457
284,59
168,118
223,458
478,237
487,151
119,105
346,473
348,334
432,243
24,108
480,205
7,477
405,9
124,333
328,92
190,341
223,92
62,470
228,163
47,80
329,462
336,128
156,291
44,313
473,21
494,355
157,411
53,153
332,284
177,353
220,227
103,415
298,188
336,46
265,84
252,85
97,54
228,252
435,322
246,212
322,117
231,425
463,60
263,231
396,304
89,160
352,1
416,412
322,194
66,283
135,395
234,32
264,89
488,220
210,186
349,334
439,39
263,191
261,248
364,465
219,479
320,361
98,167
170,22
174,165
23,182
489,394
110,393
123,308
51,265
332,239
441,241
135,246
399,87
162,6
300,345
174,385
282,241
282,403
253,490
279,461
465,176
72,70
356,312
78,433
276,330
404,240
2,194
288,194
278,87
131,97
45,452
374,482
278,411
307,149
320,250
71,339
152,207
66,481
260,274
392,46
500,125
317,1
196,134
250,392
435,113
406,413
240,196
287,227
420,135
15,238
318,447
252,411
155,244
249,454
498,367
200,210
278,183
311,363
183,120
402,458
314,115
332,294
225,132
357,330
460,170
105,139
199,396
339,243
351,196
420,374
354,367
152,433
477,487
488,56
498,420
232,247
266,425
171,490
99,131
261,28
218,403
338,193
354,218
348,401
293,138
474,456
340,87
475,212
381,60
52,395
380,343
361,198
327,394
148,282
379,458
299,215
124,437
367,270
25,18
430,438
19,174
441,449
261,292
331,7
228,453
165,343
251,148
172,466
425,418
133,412
127,229
106,82
490,147
134,45
402,278
481,54
472,178
202,476
193,286
64,345
271,489
391,112
257,340
37,25
192,103
422,181
121,498
333,274
332,453
300,244
185,102
189,74
124,420
225,121
81,70
457,431
345,7
83,369
37,261
294,66
194,169
215,184
385,433
462,185
117,232
106,375
436,208
477,377
388,83
142,398
254,399
42,357
472,155
247,120
274,246
293,235
405,275
197,233
105,205
412,318
388,133
500,168
228,136
80,447
376,257
394,401
257,441
408,327
389,479
245,143
209,347
342,269
469,234
334,465
180,82
176,258
263,343
217,412
155,447
132,451
279,460
96,97
365,52
188,185
82,158
139,371
394,360
140,163
30,28
491,296
137,6
48,488
362,93
188,129
135,105
264,351
396,389
490,491
103,158
154,241
127,204
218,201
428,305
214,239
253,47
45,466
463,73
62,31
181,409
304,454
260,395
328,99
146,464
293,95
422,456
95,324
65,193
2,89
15,409
100,416
258,249
65,360
298,479
448,353
30,402
442,141
55,253
144,35
482,57
238,200
168,215
400,480
411,486
181,405
303,323
359,96
30,20
240,190
390,323
416,478
461,492
377,214
228,62
373,244
15,32
342,251
114,116
393,322
30,112
376,239
380,71
2,466
429,284
317,164
210,125
477,366
465,451
381,4
384,33
177,500
195,114
160,425
235,100
159,71
124,261
452,15
240,214
179,77
155,34
260,98
277,203
47,187
80,238
32,207
88,176
371,125
5,383
223,208
463,136
450,484
341,178
314,320
429,177
346,211
383,497
398,71
55,287
244,109
416,202
397,203
259,174
161,355
142,358
386,1
215,389
350,303
338,116
354,180
434,271
25,370
437,207
238,230
498,72
231,376
396,194
366,251
288,109
266,48
308,128
367,91
36,70
136,266
9,58
333,35
171,264
217,9
194,342
450,303
84,77
399,57
283,427
405,162
358,308
177,117
324,144
271,24
300,480
72,195
479,143
256,174
440,271
471,180
95,386
41,145
457,458
111,69
407,445
129,307
485,224
242,36
117,82
146,383
476,362
259,484
363,61
13,455
403,6
20,439
5,287
98,84
124,93
131,437
338,473
426,220
151,144
455,379
359,18
49,200
63,347
412,453
360,496
305,402
325,171
464,10
245,381
284,89
186,11
17,326
262,87
460,405
134,91
118,442
209,25
87,84
357,431
97,117
160,443
6,19
287,418
310,493
61,42
358,190
71,61
159,253
442,56
342,264
274,214
480,486
362,230
383,193
28,185
81,228
61,160
43,136
143,189
179,496
159,327
195,116
165,175
157,109
145,162
247,342
18,132
237,101
337,264
75,233
32,324
168,7
301,307
406,408
334,221
417,118
51,337
169,7
396,330
146,438
277,46
483,243
414,372
62,183
252,189
473,395
143,320
76,369
301,86
226,485
427,118
4,398
284,310
190,82
478,202
398,18
319,320
102,40
491,275
95,97
416,306
380,284
360,342
11,295
29,419
218,277
309,418
362,379
262,48
327,170
152,155
39,163
355,348
130,314
87,403
264,395
200,486
76,192
155,225
372,427
29,78
429,396
76,345
483,500
136,259
230,252
276,448
136,125
140,36
433,426
14,162
494,123
361,401
317,309
235,486
462,142
40,85
457,168
294,186
486,45
5,452
140,179
292,281
311,111
28,56
428,340
376,454
134,442
273,33
470,437
138,83
10,497
236,408
99,119
310,216
476,379
183,36
155,130
65,424
31,288
233,85
199,179
498,439
246,215
114,421
37,201
58,42
64,489
222,403
420,52
36,428
336,270
138,327
274,352
96,38
253,256
404,48
200,402
412,262
488,17
308,219
254,382
255,108
422,180
201,150
386,48
449,339
427,413
473,69
57,314
64,125
162,136
13,67
113,210
247,442
250,379
207,31
8,123
303,66
44,227
259,83
222,316
423,41
316,405
323,85
499,416
383,366
421,89
484,227
117,348
181,218
50,90
25,431
343,156
240,57
415,111
205,368
248,448
449,438
142,111
328,27
431,276
408,189
110,243
454,431
212,294
492,209
101,440
345,204
346,465
269,492
313,393
183,254
480,97
452,222
363,23
207,10
186,161
318,385
450,118
12,59
88,174
382,70
333,409
343,270
278,140
382,256
257,270
186,418
137,131
258,208
54,420
46,383
418,326
139,110
248,385
27,185
418,80
321,13
192,66
342,326
100,454
245,112
278,231
315,27
460,207
388,254
424,453
119,7
380,273
204,38
118,207
78,38
170,403
173,340
142,84
455,145
462,101
441,325
76,136
403,52
70,48
77,401
11,317
273,271
413,473
23,435
436,290
62,196
481,423
19,87
337,21
443,166
332,411
386,179
113,389
298,126
93,288
328,332
43,147
60,284
250,464
443,56
351,498
86,73
243,307
371,330
194,134
310,456
453,32
19,231
403,317
47,145
319,488
488,68
449,110
42,32
222,378
412,289
145,345
403,154
111,421
435,63
50,61
346,87
238,312
260,175
26,118
35,320
419,197
306,453
64,385
376,410
379,65
174,24
303,228
76,326
196,11
84,404
330,473
13,335
271,134
316,352
82,125
200,83
309,60
402,115
189,388
473,104
283,409
328,162
31,61
467,181
149,67
353,42
154,202
222,305
406,69
210,77
201,59
226,132
495,406
60,21
170,327
192,349
34,211
497,433
120,61
10,152
9,143
272,330
309,281
2,223
181,74
408,436
497,349
419,406
311,22
135,181
486,433
417,291
313,127
439,132
499,222
311,71
332,69
11,492
106,24
423,310
343,63
112,205
62,479
203,430
177,329
93,354
138,353
357,136
445,337
175,249
495,493
283,383
244,86
53,211
265,288
215,13
242,160
356,44
227,320
428,311
242,346
257,348
472,107
281,88
272,238
433,486
196,204
333,213
223,224
462,347
267,442
52,200
232,100
233,174
171,204
106,137
105,498
75,320
272,128
23,342
234,237
391,51
309,318
113,343
415,107
396,28
214,408
395,221
493,340
217,6
227,348
11,142
92,130
147,112
105,121
246,397
46,180
359,272
320,167
63,330
224,234
74,378
359,325
64,416
453,30
117,177
357,279
185,333
184,231
356,270
219,119
247,455
269,273
193,322
278,67
184,203
465,453
121,349
375,42
4,153
198,14
370,31
124,31
342,371
259,33
374,425
78,28
22,378
492,191
146,264
420,1
332,149
77,84
324,69
307,394
60,157
243,476
313,489
233,21
91,108
65,201
380,61
235,141
479,224
25,300
147,401
68,228
341,62
28,163
376,146
427,110
463,21
496,390
67,242
364,198
241,344
148,464
500,104
210,483
433,282
53,411
297,120
100,153
116,448
458,380
337,72
49,302
22,297
137,387
42,215
421,103
389,364
157,139
456,48
243,404
417,13
107,389
426,419
51,102
348,429
229,238
86,423
352,52
71,8
489,288
452,41
350,212
447,126
302,236
277,463
323,452
354,331
44,16
95,462
2,292
141,360
305,496
158,342
1,367
145,244
78,280
175,45
233,10
147,277
283,216
53,131
53,291
417,133
346,242
162,284
63,208
244,85
196,13
142,64
28,359
372,98
401,135
169,334
230,102
349,16
99,380
309,423
105,182
82,114
191,406
342,80
126,20
101,397
391,392
68,441
363,350
24,211
155,169
131,160
133,487
468,386
227,83
231,120
333,440
443,339
468,63
235,183
246,36
211,39
68,91
260,109
310,314
268,115
69,462
447,430
381,121
94,264
21,154
350,388
191,269
276,388
124,271
302,294
50,182
415,2
79,53
407,258
350,228
354,303
380,131
390,437
451,95
426,190
84,372
219,227
246,430
479,288
21,423
381,29
257,112
135,202
227,220
5,254
341,180
306,133
83,270
137,425
199,151
212,141
156,325
401,108
388,401
387,456
144,312
455,200
250,303
318,113
471,344
252,12
60,121
20,419
451,68
246,400
454,272
257,124
461,24
447,35
446,111
495,332
486,53
141,87
21,358
98,373
367,297
120,138
426,11
253,308
470,330
311,1
396,263
254,352
416,310
66,456
476,442
44,401
218,223
63,17
328,435
66,116
487,185
419,198
14,204
325,57
206,487
90,82
133,226
379,489
113,455
329,14
356,50
339,28
137,98
437,411
343,363
335,106
11,145
257,343
384,234
293,200
238,475
123,226
33,347
130,415
323,73
453,47
332,152
398,250
171,168
249,40
60,33
132,10
442,336
221,427
161,343
49,374
175,213
487,139
206,244
388,94
116,39
405,87
347,273
159,82
309,457
320,363
28,498
19,380
141,344
473,353
279,22
387,269
278,360
304,138
107,3
294,221
5,439
249,183
338,189
68,122
276,466
297,147
97,153
19,175
28,96
27,312
68,476
44,145
413,487
264,353
463,406
237,114
184,391
273,253
106,396
308,499
149,204
211,394
5,135
266,435
247,111
133,326
342,237
422,230
43,53
306,298
111,497
300,118
324,244
386,398
93,346
456,479
90,474
236,154
462,499
178,16
36,66
275,328
348,498
202,86
145,207
225,251
291,204
222,39
190,269
106,285
419,216
194,225
262,412
447,93
87,201
430,133
136,321
122,204
328,257
135,432
340,90
342,8
375,449
179,307
120,462
453,121
62,119
479,17
254,185
32,361
80,63
380,199
8,108
108,48
227,467
211,420
422,491
246,483
460,108
4,214
341,110
22,377
215,75
122,269
32,203
58,321
101,360
26,389
194,293
116,69
214,70
309,74
269,309
93,481
3,39
129,497
473,224
119,317
457,395
293,6
7,465
67,123
167,416
351,419
38,327
45,22
379,72
96,256
436,31
63,415
211,81
500,454
31,285
443,358
64,347
313,250
40,254
316,211
459,25
295,439
125,326
157,262
484,448
178,428
6,315
276,279
64,57
97,425
254,123
413,122
299,380
386,420
375,453
308,441
146,392
410,77
202,476
128,463
20,211
244,172
367,477
498,161
291,114
14,34
336,131
47,414
3,157
343,402
237,179
188,435
261,299
149,55
175,364
103,11
309,117
481,26
277,362
126,194
270,133
449,276
363,440
190,163
82,497
169,450
170,366
184,222
144,443
145,233
447,229
62,489
493,313
170,133
42,345
225,271
374,280
72,441
190,279
413,248
289,279
265,85
155,136
11,167
13,138
116,11
246,328
297,377
167,229
101,464
200,238
355,453
83,50
453,429
175,386
264,432
271,402
262,327
360,169
462,120
182,488
461,277
115,326
92,282
268,461
292,295
379,368
117,156
165,452
187,378
211,220
2,427
238,385
186,187
169,379
103,216
32,13
168,68
154,85
192,471
280,309
397,495
303,488
44,32
21,247
121,243
1,236
83,79
5,75
166,292
161,469
348,76
445,259
406,124
37,119
423,398
203,282
22,187
152,141
329,297
47,149
186,50
188,302
57,321
138,307
144,132
410,82
293,97
446,266
337,357
140,386
293,445
477,155
286,18
156,332
183,156
451,168
56,150
445,124
307,92
294,27
61,208
46,465
372,279
148,463
188,261
23,91
432,434
326,415
318,219
25,374
169,445
476,273
164,121
210,321
82,291
443,366
158,419
240,25
94,3
171,290
61,91
149,342
416,120
271,495
411,79
146,30
217,59
70,434
385,427
360,490
249,438
356,282
211,30
357,452
85,359
157,357
476,275
491,393
53,156
493,360
436,410
343,137
446,462
119,405
390,182
36,66
48,399
481,150
81,439
265,495
7,111
245,164
22,321
218,56
298,344
263,132
459,370
292,466
78,267
116,218
79,343
32,148
175,7
305,442
371,305
287,429
109,332
202,230
492,52
232,376
80,125
290,44
73,52
241,200
459,54
245,387
298,497
45,19
287,360
482,421
231,323
156,285
200,405
232,293
475,13
249,274
381,236
335,164
66,339
28,119
279,70
285,94
50,211
94,240
446,16
122,477
286,48
479,4
317,439
251,349
319,413
433,66
69,437
346,209
438,162
54,404
416,76
255,377
437,354
183,396
416,199
231,347
445,418
365,183
331,325
331,316
417,495
206,97
183,335
43,243
102,200
179,370
126,193
325,464
311,439
74,499
217,113
428,399
342,476
331,39
374,491
38,365
308,241
467,497
273,245
495,50
68,37
494,98
377,276
25,498
279,437
319,127
433,76
325,412
420,9
368,229
183,116
258,45
49,366
460,314
332,408
10,370
447,290
395,75
324,469
4,7
271,25
270,76
428,46
497,79
228,203
44,42
59,371
499,369
329,89
318,485
329,220
397,161
300,61
188,138
69,296
246,30
181,399
370,226
34,456
102,68
433,472
15,357
450,221
317,140
60,134
410,443
316,358
227,96
148,430
357,334
79,301
92,88
85,424
414,497
133,375
122,44
54,214
48,110
342,179
163,197
21,473
305,466
415,138
287,63
396,445
314,264
223,342
50,425
373,29
290,128
102,398
496,297
364,339
398,249
147,172
127,87
222,431
457,373
36,365
255,44
401,175
334,372
358,435
39,402
16,185
66,262
127,204
477,251
448,435
216,280
293,453
287,466
293,401
479,189
200,117
195,346
171,345
311,233
190,296
200,421
64,340
115,475
20,411
441,411
305,452
75,76
430,351
432,237
328,290
487,489
417,177
437,262
464,345
216,161
362,279
194,467
333,337
415,80
139,226
234,32
243,79
291,193
28,133
366,234
438,50
74,269
197,58
471,11
405,449
149,257
2,391
429,361
449,413
418,160
55,424
428,390
406,156
347,252
219,259
376,57
220,231
151,105
286,227
100,107
290,365
130,361
32,358
135,69
317,63
413,343
232,229
234,299
157,247
228,284
412,396
170,408
37,229
15,467
334,471
245,177
419,15
128,384
87,224
305,296
60,498
314,466
267,333
118,396
483,304
193,234
44,486
453,361
200,124
295,76
169,161
79,373
403,437
465,472
354,7
174,455
193,418
189,447
334,221
387,169
351,381
459,399
274,405
193,388
377,268
119,113
107,82
176,102
415,369
167,191
243,329
412,245
268,378
230,348
18,388
417,239
18,230
113,318
298,102
23,166
69,484
325,306
19,275
212,480
481,333
170,225
181,489
220,23
340,479
330,143
119,410
431,353
290,318
412,220
310,417
208,444
59,51
124,341
475,312
154,270
48,142
273,289
229,317
436,317
30,179
279,308
4,444
256,163
179,312
236,242
151,223
106,323
272,424
253,1
433,432
46,316
3,36
487,112
438,191
486,272
78,429
281,350
330,346
31,76
450,57
484,254
396,271
337,53
126,198
292,280
474,105
250,341
453,299
482,459
440,389
273,190
415,117
304,334
192,235
300,242
435,342
69,390
200,9
276,83
290,39
424,477
129,358
448,175
349,149
353,74
390,280
14,74
334,136
199,273
128,403
143,107
419,148
479,377
476,113
205,452
75,54
48,316
123,331
105,485
263,417
170,21
57,498
175,275
367,213
301,435
275,14
227,1
62,287
197,46
262,442
377,60
226,386
323,382
103,12
459,190
39,498
406,498
227,175
385,164
50,306
279,395
373,204
192,339
484,399
92,417
466,66
49,112
202,464
213,186
305,65
231,478
424,436
99,459
444,186
470,366
38,305
271,292
121,235
352,233
428,229
347,441
154,242
105,156
237,414
236,247
497,204
390,495
123,473
356,428
135,410
235,375
49,337
191,247
119,404
29,133
124,294
63,460
154,355
368,387
236,409
331,457
205,197
22,104
52,374
370,343
183,370
359,493
365,134
186,334
224,431
454,491
260,320
86,290
356,118
193,201
369,153
291,36
348,418
222,312
200,355
297,236
339,453
126,104
83,285
364,85
204,196
446,222
333,24
23,282
338,57
31,294
320,41
71,227
235,476
237,202
444,354
76,70
300,187
215,285
480,241
396,246
484,25
185,225
460,348
311,413
221,388
479,59
103,190
272,115
189,241
381,347
143,467
58,77
115,443
400,359
10,203
94,347
7,239
11,439
49,252
130,320
179,316
268,121
437,119
284,20
429,251
324,29
442,459
168,235
50,73
315,496
190,466
252,260
178,263
36,355
59,240
376,391
488,459
394,493
62,285
6,313
58,292
411,298
200,231
70,374
163,352
310,181
394,264
35,52
41,406
171,395
279,20
161,294
488,192
455,350
448,312
477,375
262,386
128,398
166,322
191,137
236,7
178,332
437,116
56,381
216,47
421,336
231,138
475,374
350,296
259,287
500,427
431,326
100,242
56,303
225,31
144,224
298,137
418,46
337,441
263,89
411,238
302,198
83,436
333,104
321,37
264,174
79,305
78,209
57,448
280,382
472,43
74,81
59,500
439,274
193,104
87,336
179,76
305,433
107,241
310,350
245,402
25,378
292,5
103,179
252,200
13,223
244,395
494,432
477,190
265,131
209,54
54,401
64,93
314,168
342,466
65,351
194,218
325,15
232,255
52,18
415,487
446,406
469,337
140,57
169,284
24,79
362,5
433,161
98,329
161,175
5,192
393,337
17,351
315,451
323,312
355,65
223,98
410,475
118,358
255,245
100,149
126,169
225,223
465,479
84,311
108,201
134,330
125,100
41,112
498,331
222,333
423,122
25,3
436,283
466,342
134,380
20,157
159,157
236,146
460,379
116,43
321,397
350,242
62,425
319,423
60,92
478,281
418,412
72,235
238,56
270,449
293,230
334,251
404,159
146,449
400,265
281,7
166,336
207,296
441,236
34,67
326,208
468,475
339,268
475,72
31,466
316,454
358,438
244,410
197,248
483,155
500,382
15,116
97,414
211,150
162,277
257,56
263,385
278,325
261,387
482,286
67,101
487,174
8,248
98,219
106,172
410,54
366,402
154,360
346,281
397,367
291,163
328,88
427,182
355,140
390,122
46,276
415,246
467,398
245,332
390,140
433,500
394,347
201,141
418,297
494,9
410,497
166,360
37,362
254,328
106,253
494,255
194,140
5,92
156,439
374,346
241,424
121,164
149,44
482,381
370,30
286,213
158,128
265,104
356,35
64,475
435,438
123,247
375,423
469,256
488,9
465,387
426,335
90,410
30,224
395,425
33,158
499,246
122,468
401,50
64,307
438,132
168,48
234,424
63,132
311,35
471,377
388,297
186,346
180,237
180,465
97,171
333,395
58,464
450,440
490,42
255,442
314,492
361,101
147,473
260,330
272,257
260,117
113,135
197,123
105,206
262,462
91,173
331,52
75,23
443,246
69,169
458,282
280,323
302,173
377,369
347,399
29,434
404,391
164,127
211,146
410,301
86,283
387,19
181,123
316,114
177,224
34,449
163,309
74,26
382,316
176,27
357,86
195,404
45,92
49,213
117,305
251,459
372,252
316,214
120,81
312,110
376,301
208,306
123,473
306,171
492,268
75,301
88,171
208,225
88,107
86,499
362,360
134,52
263,305
120,21
286,155
95,188
267,83
324,342
18,381
385,156
72,191
466,84
300,373
86,310
79,473
260,210
225,210
204,177
338,146
153,441
232,483
337,351
311,91
20,7
133,352
224,392
412,185
123,454
157,44
43,153
25,486
351,483
471,354
156,174
28,396
140,414
355,20
200,70
332,339
249,113
459,423
89,302
495,448
3,61
251,286
102,389
493,365
276,473
402,293
443,112
344,151
241,135
194,85
348,41
268,280
275,415
395,272
498,60
463,62
238,431
357,199
238,431
464,156
174,348
434,9
80,87
99,464
287,24
466,180
109,60
352,338
404,373
84,463
208,339
91,355
114,387
151,176
301,451
433,352
346,231
128,259
254,22
319,408
318,34
155,470
204,282
65,379
297,477
244,128
175,353
399,468
216,333
4,48
455,450
452,69
391,491
80,426
183,69
320,142
388,81
80,70
326,33
288,204
32,424
156,427
144,362
204,120
409,74
96,266
49,476
376,308
96,392
407,199
345,262
325,35
492,111
459,36
1,299
11,214
33,396
487,421
488,37
339,459
403,437
288,475
84,27
362,171
157,98
103,74
275,374
300,2
382,26
431,329
376,246
474,378
389,333
291,188
133,404
333,41
431,193
51,52
36,295
137,157
83,394
321,419
224,255
458,300
317,173
10,345
309,441
49,256
477,234
273,300
371,18
173,445
452,181
217,379
462,334
164,409
430,211
166,213
334,130
28,145
221,438
143,299
301,333
382,218
425,488
446,400
262,437
245,120
29,109
194,456
434,131
206,249
484,344
32,10
270,282
488,441
195,76
391,312
69,6
483,220
275,119
57,457
335,47
375,214
242,346
47,236
22,332
271,403
97,50
2,62
72,130
61,411
330,468
488,386
492,133
447,311
247,36
491,445
192,177
109,317
190,145
454,220
169,475
140,487
112,5
331,387
68,494
414,202
346,373
421,175
356,360
490,188
291,490
497,411
175,9
142,276
235,134
217,159
207,278
442,440
75,27
398,252
498,199
117,418
265,168
237,182
204,487
292,300
471,193
23,9
364,137
260,382
352,116
417,464
377,32
167,475
303,374
92,390
368,316
467,299
398,190
437,204
426,42
404,314
199,125
371,69
269,437
83,229
420,132
131,33
382,260
230,15
486,259
121,67
447,101
70,302
200,224
125,289
58,87
115,318
213,134
320,61
351,431
240,28
144,237
48,137
4,287
2,230
469,143
195,152
8,427
176,325
74,279
488,259
100,286
197,497
58,50
98,353
489,491
474,479
226,44
325,126
421,332
58,22
370,123
182,226
168,296
417,439
291,194
145,266
335,18
136,305
431,129
498,99
461,116
289,447
55,435
34,72
462,101
473,309
185,240
375,226
4,10
129,213
298,160
34,221
468,105
294,467
383,285
295,360
357,392
82,394
404,305
394,345
159,460
1,275
41,352
324,314
405,390
160,329
440,98
211,379
146,40
442,377
461,226
64,33
239,196
185,86
94,184
395,98
301,235
444,23
365,439
229,377
397,236
66,474
143,338
49,183
192,52
252,404
211,209
415,258
322,57
363,84
189,287
426,96
325,489
145,253
147,409
246,95
46,73
52,169
274,491
478,68
75,331
274,326
211,252
188,36
330,451
214,298
250,158
288,406
116,245
278,420
114,74
328,247
446,107
52,112
379,457
436,429
189,306
454,500
241,481
438,110
273,108
260,266
81,205
29,337
487,491
318,77
397,149
401,2
137,202
227,335
88,476
492,394
188,289
110,321
275,389
417,99
297,166
180,196
96,465
404,215
452,300
247,189
42,206
486,113
109,157
195,262
200,109
342,197
434,384
303,43
236,296
131,2
190,214
361,329
364,3
404,386
368,362
411,10
23,130
48,382
277,407
465,13
403,63
441,403
326,49
65,124
204,80
416,461
153,316
303,12
265,293
352,445
269,92
21,217
47,446
335,339
123,410
206,490
179,202
344,273
255,103
65,354
7,101
360,206
194,482
120,43
243,115
247,394
435,265
258,127
252,357
387,294
339,300
278,240
52,171
415,472
83,475
199,150
223,382
410,405
100,80
272,247
215,352
75,289
53,39
240,355
31,180
463,293
337,226
256,86
142,130
176,396
106,266
390,220
150,446
489,255
81,120
304,119
316,254
197,28
212,217
455,247
116,24
249,116
102,278
393,279
273,5
441,440
269,162
399,447
43,465
378,18
459,165
112,215
474,345
117,295
65,380
330,325
225,297
134,399
476,333
235,329
217,302
466,114
268,45
180,319
436,500
224,120
435,3
309,406
251,458
363,40
114,61
366,75
195,16
163,161
113,460
38,298
407,41
110,176
16,162
94,288
331,384
208,312
59,462
110,460
294,450
61,189
221,42
429,79
449,93
291,337
192,26
58,229
197,456
405,385
169,108
285,442
387,445
198,298
223,393
120,332
362,135
306,289
363,18
155,144
174,124
80,55
190,424
405,85
45,96
337,493
483,66
293,199
149,391
488,93
392,341
209,494
456,349
182,347
413,8
42,381
215,494
458,406
99,478
356,327
68,429
387,37
396,2
361,387
147,224
311,427
210,307
317,12
61,188
99,14
384,287
444,441
349,101
184,240
474,378
277,205
499,26
281,130
430,486
358,290
41,23
236,252
235,41
60,269
45,472
315,394
60,187
336,493
343,75
15,11
339,78
486,283
466,429
383,444
8,13
193,328
477,377
295,282
28,135
238,130
98,246
407,269
322,200
442,230
22,46
160,397
278,493
450,199
397,421
138,271
264,318
317,452
222,400
194,331
475,357
157,310
5,412
471,16
472,448
262,401
287,396
76,47
360,56
285,185
413,154
204,492
37,468
207,228
81,71
390,232
291,303
205,475
359,261
261,168
127,284
492,464
334,203
324,351
55,25
289,63
417,317
369,329
314,381
200,134
495,370
187,178
67,76
367,338
335,431
79,143
177,55
186,272
248,319
63,414
203,294
90,309
360,102
410,123
152,125
230,8
45,235
432,44
375,351
12,242
455,377
92,269
68,119
418,408
455,55
451,407
455,463
401,325
447,497
39,347
283,233
482,217
451,464
203,480
269,444
175,269
262,370
50,492
101,406
107,445
57,131
404,79
222,37
258,167
80,261
49,124
309,76
374,18
425,279
203,224
173,426
303,77
251,102
309,248
375,450
440,165
365,465
53,293
244,356
351,447
40,394
81,164
246,369
470,483
392,322
443,395
350,90
274,337
343,351
351,183
280,500
186,17
366,223
251,435
30,161
60,462
308,482
419,413
77,327
345,491
126,426
96,376
157,270
5,148
321,252
252,97
484,54
40,337
343,291
342,297
497,437
428,243
288,325
379,460
323,107
291,469
205,315
471,125
331,445
93,311
203,298
231,308
199,482
146,121
237,394
64,48
297,227
371,202
332,381
61,429
429,409
172,136
134,156
331,266
500,140
102,305
289,478
18,444
127,238
318,169
269,278
273,317
187,355
229,444
164,399
367,319
40,323
387,117
203,296
185,237
299,406
290,229
388,423
141,217
498,218
320,135
493,370
189,2
362,26
53,71
208,410
166,248
3,448
381,189
120,490
376,172
77,116
9,476
57,483
142,183
207,426
54,55
442,13
324,457
325,314
320,347
494,392
264,18
425,323
21,291
39,25
150,39
9,218
285,419
361,379
82,324
225,435
348,78
440,77
359,67
6,241
164,193
313,365
361,51
122,343
231,484
164,440
482,475
140,62
432,117
495,222
36,29
271,439
364,366
298,5
324,54
188,225
297,310
18,282
179,130
36,137
183,472
264,160
25,472
482,295
477,440
339,134
280,351
314,155
329,359
446,492
326,351
491,101
96,85
163,50
20,250
242,492
146,457
121,161
151,130
